Sector_score,LOCATION_ID,PARA_A,Score_A,Risk_A,PARA_B,Score_B,Risk_B,numbers,Score_B,Risk_C,Money_Value,Score_MV,Risk_D,District_Loss,PROB,RiSk_E,History,Prob,Risk_F,Score,Inherent_Risk,CONTROL_RISK,Detection_Risk,Risk
3.89,23,4.18,0.6,2.508,2.5,0.2,0.5,5,0.2,1,3.38,0.2,0.676,2,0.2,0.4,0,0.2,0,2.4,8.574,0.4,0.5,Yes
3.89,6,0,0.2,0,4.83,0.2,0.966,5,0.2,1,0.94,0.2,0.188,2,0.2,0.4,0,0.2,0,2,2.554,0.4,0.5,No
3.89,6,0.51,0.2,0.102,0.23,0.2,0.046,5,0.2,1,0,0.2,0,2,0.2,0.4,0,0.2,0,2,1.548,0.4,0.5,No
3.89,6,0,0.2,0,10.8,0.6,6.48,6,0.6,3.6,11.75,0.6,7.05,2,0.2,0.4,0,0.2,0,4.4,17.53,0.4,0.5,Yes
3.89,6,0,0.2,0,0.08,0.2,0.016,5,0.2,1,0,0.2,0,2,0.2,0.4,0,0.2,0,2,1.416,0.4,0.5,No
3.89,6,0,0.2,0,0.83,0.2,0.166,5,0.2,1,2.95,0.2,0.59,2,0.2,0.4,0,0.2,0,2,2.156,0.4,0.5,No
3.89,7,1.1,0.4,0.44,7.41,0.4,2.964,5,0.2,1,44.95,0.6,26.97,2,0.2,0.4,0,0.2,0,3.2,31.774,0.4,0.5,Yes
3.89,8,8.5,0.6,5.1,12.03,0.6,7.218,5.5,0.4,2.2,7.79,0.4,3.116,2,0.2,0.4,0,0.2,0,4.2,18.034,0.4,0.5,Yes
3.89,8,8.4,0.6,5.04,11.05,0.6,6.63,5.5,0.4,2.2,7.34,0.4,2.936,2,0.2,0.4,0,0.2,0,4.2,17.206,0.4,0.5,Yes
3.89,8,3.98,0.6,2.388,0.99,0.2,0.198,5,0.2,1,1.93,0.2,0.386,2,0.2,0.4,0,0.2,0,2.4,4.372,0.4,0.5,No
3.89,8,5.43,0.6,3.258,10.77,0.6,6.462,5,0.2,1,4.42,0.2,0.884,2,0.2,0.4,0,0.2,0,3.6,12.004,0.4,0.5,Yes
3.89,8,15.38,0.6,9.228,40.14,0.6,24.084,5,0.2,1,0.96,0.2,0.192,2,0.4,0.8,1,0.4,0.4,4,35.704,1.2,0.5,Yes
3.89,8,5.47,0.6,3.282,7.63,0.4,3.052,5,0.2,1,10.43,0.6,6.258,2,0.2,0.4,1,0.4,0.4,3.6,14.392,0.8,0.5,Yes
3.89,8,1.09,0.4,0.436,0.35,0.2,0.07,5,0.2,1,0,0.2,0,2,0.2,0.4,0,0.2,0,2.2,1.906,0.4,0.5,No
3.89,8,0,0.2,0,0.84,0.2,0.168,5,0.2,1,0.007,0.2,0.0014,2,0.2,0.4,0,0.2,0,2,1.5694,0.4,0.5,No
3.89,13,1.95,0.4,0.78,9.01,0.4,3.604,5,0.2,1,9,0.4,3.6,2,0.2,0.4,0,0.2,0,3,9.384,0.4,0.5,Yes
3.89,37,8.54,0.6,5.124,31.63,0.6,18.978,5,0.2,1,41.28,0.6,24.768,2,0.2,0.4,1,0.4,0.4,4.2,50.67,0.8,0.5,Yes
3.89,37,4.18,0.6,2.508,4.83,0.2,0.966,5.5,0.4,2.2,14.03,0.6,8.418,2,0.2,0.4,0,0.2,0,3.2,14.492,0.4,0.5,Yes
3.89,37,1.81,0.4,0.724,1.03,0.2,0.206,5,0.2,1,0,0.2,0,2,0.2,0.4,0,0.2,0,2.2,2.33,0.4,0.5,No
3.89,37,4.86,0.6,2.916,46.78,0.6,28.068,5.5,0.4,2.2,63.18,0.6,37.908,2,0.2,0.4,0,0.2,0,4.4,71.492,0.4,0.5,Yes
3.89,24,6.26,0.6,3.756,14.1,0.6,8.46,5,0.2,1,34.24,0.6,20.544,2,0.2,0.4,1,0.4,0.4,4.2,34.56,0.8,0.5,Yes
3.89,3,0.02,0.2,0.004,5.94,0.4,2.376,5,0.2,1,0.01,0.2,0.002,2,0.2,0.4,0,0.2,0,2.6,3.782,0.4,0.5,No
3.89,3,5.31,0.6,3.186,22.79,0.6,13.674,5,0.2,1,205.19,0.6,123.114,2,0.2,0.4,1,0.4,0.4,4.2,141.774,0.8,0.5,Yes
3.89,3,0.94,0.2,0.188,0.01,0.2,0.002,5,0.2,1,0.1,0.2,0.02,2,0.2,0.4,0,0.2,0,2,1.61,0.4,0.5,No
3.89,4,5.78,0.6,3.468,57.92,0.6,34.752,5,0.2,1,11.16,0.6,6.696,2,0.2,0.4,0,0.2,0,4,46.316,0.4,0.5,Yes
3.89,4,7.42,0.6,4.452,2.24,0.2,0.448,5,0.2,1,1.25,0.2,0.25,2,0.2,0.4,0,0.2,0,2.4,6.55,0.4,0.5,Yes
3.89,4,0,0.2,0,1.1,0.2,0.22,5,0.2,1,0.007,0.2,0.0014,2,0.2,0.4,0,0.2,0,2,1.6214,0.4,0.5,No
3.89,14,6.85,0.6,4.11,31.76,0.6,19.056,5,0.2,1,1.46,0.2,0.292,2,0.2,0.4,0,0.2,0,3.6,24.858,0.4,0.5,Yes
3.89,14,0,0.2,0,1.03,0.2,0.206,5,0.2,1,0,0.2,0,2,0.2,0.4,0,0.2,0,2,1.606,0.4,0.5,No
3.89,37,0,0.2,0,0.75,0.2,0.15,5,0.2,1,6.78,0.4,2.712,2,0.2,0.4,0,0.2,0,2.2,4.262,0.4,0.5,No
3.89,37,2.4,0.6,1.44,16.63,0.6,9.978,5,0.2,1,1.16,0.2,0.232,2,0.2,0.4,0,0.2,0,3.6,13.05,0.4,0.5,Yes
3.89,5,0,0.2,0,0.05,0.2,0.01,5,0.2,1,152.41,0.6,91.446,2,0.2,0.4,0,0.2,0,2.4,92.856,0.4,0.5,Yes
3.89,5,0,0.2,0,1.76,0.2,0.352,5,0.2,1,1.08,0.2,0.216,2,0.2,0.4,0,0.2,0,2,1.968,0.4,0.5,No
3.89,5,0,0.2,0,2.97,0.2,0.594,5,0.2,1,2.84,0.2,0.568,2,0.2,0.4,0,0.2,0,2,2.562,0.4,0.5,No
3.89,5,0,0.2,0,0.43,0.2,0.086,5,0.2,1,0,0.2,0,2,0.2,0.4,0,0.2,0,2,1.486,0.4,0.5,No
3.89,5,0,0.2,0,0.94,0.2,0.188,5,0.2,1,0.9,0.2,0.18,2,0.2,0.4,0,0.2,0,2,1.768,0.4,0.5,No
3.89,20,9.01,0.6,5.406,19.82,0.6,11.892,5,0.2,1,9.67,0.4,3.868,2,0.2,0.4,0,0.2,0,3.8,22.566,0.4,0.5,Yes
3.89,19,0,0.2,0,0.05,0.2,0.01,5,0.2,1,0,0.2,0,2,0.2,0.4,0,0.2,0,2,1.41,0.4,0.5,No
3.89,19,11.95,0.6,7.17,30.9,0.6,18.54,5,0.2,1,32.68,0.6,19.608,2,0.2,0.4,0,0.2,0,4,46.718,0.4,0.5,Yes
3.89,19,7.97,0.6,4.782,17.18,0.6,10.308,5,0.2,1,935.03,0.6,561.018,2,0.2,0.4,0,0.2,0,4,577.508,0.4,0.5,Yes
3.89,19,0,0.2,0,3.71,0.2,0.742,5,0.2,1,29.63,0.6,17.778,2,0.2,0.4,0,0.2,0,2.4,19.92,0.4,0.5,Yes
3.89,19,0.62,0.2,0.124,2.02,0.2,0.404,5,0.2,1,0.11,0.2,0.022,2,0.2,0.4,0,0.2,0,2,1.95,0.4,0.5,No
3.89,19,0,0.2,0,2.27,0.2,0.454,5,0.2,1,2.62,0.2,0.524,2,0.2,0.4,0,0.2,0,2,2.378,0.4,0.5,No
3.89,19,0,0.2,0,0,0.2,0,5,0.2,1,0,0.2,0,2,0.2,0.4,0,0.2,0,2,1.4,0.4,0.5,No
3.89,19,1.32,0.4,0.528,0,0.2,0,5,0.2,1,0.06,0.2,0.012,2,0.2,0.4,0,0.2,0,2.2,1.94,0.4,0.5,No
3.89,19,0,0.2,0,1.03,0.2,0.206,5,0.2,1,2.43,0.2,0.486,2,0.2,0.4,0,0.2,0,2,2.092,0.4,0.5,No
3.89,21,0,0.2,0,15.38,0.6,9.228,5,0.2,1,126.13,0.6,75.678,2,0.2,0.4,0,0.2,0,3.6,86.306,0.4,0.5,Yes
3.89,21,0,0.2,0,1.02,0.2,0.204,5,0.2,1,0,0.2,0,2,0.2,0.4,0,0.2,0,2,1.604,0.4,0.5,No
3.89,21,0,0.2,0,20.71,0.6,12.426,5,0.2,1,20.79,0.6,12.474,2,0.2,0.4,2,0.6,1.2,4,27.5,1.6,0.5,Yes
3.89,22,2.95,0.6,1.77,6.56,0.4,2.624,5,0.2,1,156.92,0.6,94.152,2,0.2,0.4,0,0.2,0,3.4,99.946,0.4,0.5,Yes
3.89,22,1.97,0.4,0.788,2.1,0.2,0.42,5,0.2,1,12.29,0.6,7.374,2,0.6,1.2,0,0.2,0,3,10.782,1.2,0.5,Yes
3.89,22,0,0.2,0,18.05,0.6,10.83,5,0.2,1,2.29,0.2,0.458,2,0.2,0.4,0,0.2,0,3.2,12.688,0.4,0.5,Yes
3.89,22,0,0.2,0,0.93,0.2,0.186,5,0.2,1,7.78,0.4,3.112,2,0.2,0.4,0,0.2,0,2.2,4.698,0.4,0.5,No
3.89,9,0,0.2,0,1.61,0.2,0.322,5,0.2,1,2.51,0.2,0.502,2,0.2,0.4,0,0.2,0,2,2.224,0.4,0.5,No
3.89,9,6.32,0.6,3.792,9.01,0.4,3.604,5,0.2,1,8.31,0.4,3.324,2,0.2,0.4,0,0.2,0,3.2,12.12,0.4,0.5,Yes
3.89,9,0,0.2,0,1.05,0.2,0.21,5,0.2,1,0.16,0.2,0.032,2,0.2,0.4,0,0.2,0,2,1.642,0.4,0.5,No
3.89,11,0,0.2,0,6.8,0.4,2.72,5,0.2,1,47.9,0.6,28.74,2,0.2,0.4,0,0.2,0,3,32.86,0.4,0.5,Yes
3.89,11,14.04,0.6,8.424,10.83,0.6,6.498,5,0.2,1,8.91,0.4,3.564,2,0.2,0.4,0,0.2,0,3.8,19.886,0.4,0.5,Yes
3.89,11,6.67,0.6,4.002,18.02,0.6,10.812,5.5,0.4,2.2,4.95,0.2,0.99,2,0.2,0.4,2,0.6,1.2,4.4,19.604,1.6,0.5,Yes
3.89,11,0,0.2,0,0,0.2,0,5,0.2,1,1.75,0.2,0.35,2,0.2,0.4,0,0.2,0,2,1.75,0.4,0.5,No
3.89,11,0,0.2,0,0.08,0.2,0.016,5,0.2,1,0.68,0.2,0.136,2,0.2,0.4,0,0.2,0,2,1.552,0.4,0.5,No
3.89,11,1.26,0.4,0.504,0.05,0.2,0.01,5,0.2,1,0,0.2,0,2,0.2,0.4,0,0.2,0,2.2,1.914,0.4,0.5,No
3.89,12,0,0.2,0,0.03,0.2,0.006,5,0.2,1,0.06,0.2,0.012,2,0.2,0.4,0,0.2,0,2,1.418,0.4,0.5,No
3.89,12,0,0.2,0,0.79,0.2,0.158,5,0.2,1,15.82,0.6,9.492,2,0.2,0.4,0,0.2,0,2.4,11.05,0.4,0.5,Yes
3.89,12,4.76,0.6,2.856,13.03,0.6,7.818,5,0.2,1,0.58,0.2,0.116,2,0.2,0.4,1,0.4,0.4,3.8,12.59,0.8,0.5,Yes
3.89,12,8.81,0.6,5.286,9.02,0.4,3.608,5,0.2,1,215.31,0.6,129.186,2,0.2,0.4,1,0.4,0.4,3.6,139.88,0.8,0.5,Yes
3.89,12,0,0.2,0,0.07,0.2,0.014,5,0.2,1,0,0.2,0,2,0.2,0.4,0,0.2,0,2,1.414,0.4,0.5,No
3.89,12,13.92,0.6,8.352,2.2,0.2,0.44,5,0.2,1,0.05,0.2,0.01,2,0.2,0.4,0,0.2,0,2.4,10.202,0.4,0.5,Yes
3.89,12,1.07,0.4,0.428,0,0.2,0,5,0.2,1,0,0.2,0,2,0.2,0.4,0,0.2,0,2.2,1.828,0.4,0.5,No
3.89,12,0,0.2,0,0.89,0.2,0.178,5,0.2,1,0,0.2,0,2,0.2,0.4,0,0.2,0,2,1.578,0.4,0.5,No
3.89,8,0,0.2,0,3.98,0.2,0.796,6,0.6,3.6,53.34,0.6,32.004,2,0.2,0.4,0,0.2,0,3.2,36.8,0.4,0.5,Yes
3.89,8,10,0.6,6,74.26,0.6,44.556,5.5,0.4,2.2,11.16,0.6,6.696,2,0.2,0.4,3,0.6,1.8,4.8,61.652,2.2,0.5,Yes
3.89,29,4.24,0.6,2.544,8.06,0.4,3.224,5,0.2,1,10.69,0.6,6.414,2,0.2,0.4,0,0.2,0,3.4,13.582,0.4,0.5,Yes
3.89,29,12.27,0.6,7.362,72.46,0.6,43.476,5,0.2,1,5.69,0.4,2.276,2,0.2,0.4,0,0.2,0,3.8,54.514,0.4,0.5,Yes
3.89,29,0,0.2,0,0.96,0.2,0.192,5,0.2,1,1.35,0.2,0.27,2,0.2,0.4,0,0.2,0,2,1.862,0.4,0.5,No
3.89,30,12.7,0.6,7.62,1.28,0.2,0.256,5,0.2,1,11.69,0.6,7.014,2,0.2,0.4,0,0.2,0,2.8,16.29,0.4,0.5,Yes
3.89,38,0,0.2,0,63.13,0.6,37.878,5,0.2,1,14.6,0.6,8.76,2,0.2,0.4,1,0.4,0.4,3.8,48.438,0.8,0.5,Yes
3.89,31,1.99,0.4,0.796,10.24,0.6,6.144,5,0.2,1,20.78,0.6,12.468,2,0.2,0.4,0,0.2,0,3.8,20.808,0.4,0.5,Yes
3.89,2,0.05,0.2,0.01,0.21,0.2,0.042,5.5,0.4,2.2,102.22,0.6,61.332,2,0.2,0.4,0,0.2,0,2.8,63.984,0.4,0.5,Yes
3.89,2,0,0.2,0,7.37,0.4,2.948,5,0.2,1,0.74,0.2,0.148,2,0.2,0.4,0,0.2,0,2.6,4.496,0.4,0.5,No
3.89,2,0,0.2,0,3.72,0.2,0.744,5,0.2,1,0,0.2,0,2,0.2,0.4,9,0.6,5.4,2.4,7.544,5.8,0.5,Yes
3.89,2,71.48,0.6,42.888,25.63,0.6,15.378,5,0.2,1,873.37,0.6,524.022,2,0.2,0.4,0,0.2,0,4,583.688,0.4,0.5,Yes
3.89,2,0,0.2,0,0,0.2,0,5,0.2,1,0,0.2,0,2,0.2,0.4,0,0.2,0,2,1.4,0.4,0.5,No
3.89,2,0.74,0.2,0.148,1,0.2,0.2,5,0.2,1,0,0.2,0,2,0.2,0.4,0,0.2,0,2,1.748,0.4,0.5,No
3.89,2,0,0.2,0,0.58,0.2,0.116,5,0.2,1,0,0.2,0,2,0.2,0.4,0,0.2,0,2,1.516,0.4,0.5,No
3.89,9,8.46,0.6,5.076,72.76,0.6,43.656,5,0.2,1,1.4,0.2,0.28,2,0.4,0.8,2,0.6,1.2,4.2,52.012,2,0.5,Yes
3.89,9,0.42,0.2,0.084,0.07,0.2,0.014,5,0.2,1,0.42,0.2,0.084,2,0.2,0.4,0,0.2,0,2,1.582,0.4,0.5,No
3.89,32,0.01,0.2,0.002,1.29,0.2,0.258,5.5,0.4,2.2,36.52,0.6,21.912,4,0.2,0.8,0,0.2,0,3,25.172,0.8,0.5,Yes
3.89,32,6.85,0.6,4.11,65.93,0.6,39.558,5.5,0.4,2.2,6.02,0.4,2.408,4,0.2,0.8,0,0.2,0,4.4,49.076,0.8,0.5,Yes
3.89,32,5.37,0.6,3.222,8.62,0.4,3.448,5,0.2,1,17.16,0.6,10.296,4,0.2,0.8,0,0.2,0,3.6,18.766,0.8,0.5,Yes
3.89,32,4.93,0.6,2.958,6.54,0.4,2.616,5.5,0.4,2.2,12.91,0.6,7.746,4,0.2,0.8,0,0.2,0,4,16.32,0.8,0.5,Yes
3.89,32,1.22,0.4,0.488,0.06,0.2,0.012,5,0.2,1,0,0.2,0,4,0.2,0.8,0,0.2,0,2.4,2.3,0.8,0.5,No
3.89,32,0,0.2,0,0.85,0.2,0.17,5,0.2,1,0,0.2,0,4,0.2,0.8,0,0.2,0,2.2,1.97,0.8,0.5,No
3.89,16,15.72,0.6,9.432,57.94,0.6,34.764,6,0.6,3.6,10.79,0.6,6.474,6,0.2,1.2,0,0.2,0,5.2,55.47,1.2,0.5,Yes
3.89,16,4.95,0.6,2.97,42.61,0.6,25.566,5,0.2,1,3.46,0.2,0.692,6,0.2,1.2,1,0.4,0.4,4.2,31.828,1.6,0.5,Yes
3.89,16,0,0.2,0,0.08,0.2,0.016,5,0.2,1,0.06,0.2,0.012,6,0.2,1.2,0,0.2,0,2.4,2.228,1.2,0.5,Yes
3.89,16,1.19,0.4,0.476,12.88,0.6,7.728,5,0.2,1,2.33,0.2,0.466,6,0.2,1.2,0,0.2,0,3.8,10.87,1.2,0.5,Yes
3.89,16,0,0.2,0,2.72,0.2,0.544,5,0.2,1,5.58,0.4,2.232,6,0.2,1.2,0,0.2,0,2.6,4.976,1.2,0.5,Yes
3.89,16,0,0.2,0,1.66,0.2,0.332,5,0.2,1,0.76,0.2,0.152,6,0.2,1.2,0,0.2,0,2.4,2.684,1.2,0.5,Yes
3.89,16,6.47,0.6,3.882,12.18,0.6,7.308,5,0.2,1,25.27,0.6,15.162,6,0.2,1.2,0,0.2,0,4.4,28.552,1.2,0.5,Yes
3.89,16,1.33,0.4,0.532,0,0.2,0,5,0.2,1,0.2,0.2,0.04,6,0.2,1.2,0,0.2,0,2.6,2.772,1.2,0.5,Yes
3.89,16,0,0.2,0,1.1,0.2,0.22,5,0.2,1,0,0.2,0,6,0.2,1.2,0,0.2,0,2.4,2.42,1.2,0.5,Yes
3.89,33,2.57,0.6,1.542,4.49,0.2,0.898,5,0.2,1,7.56,0.4,3.024,2,0.2,0.4,1,0.4,0.4,2.8,7.264,0.8,0.5,Yes
3.89,15,0,0.2,0,1.88,0.2,0.376,5,0.2,1,0,0.2,0,2,0.2,0.4,0,0.2,0,2,1.776,0.4,0.5,No
3.89,15,0.77,0.2,0.154,18.31,0.6,10.986,5,0.2,1,67.03,0.6,40.218,2,0.2,0.4,0,0.2,0,3.6,52.758,0.4,0.5,Yes
3.89,15,5.23,0.6,3.138,5.89,0.4,2.356,5,0.2,1,19.4,0.6,11.64,2,0.2,0.4,0,0.2,0,3.4,18.534,0.4,0.5,Yes
3.89,15,6.59,0.6,3.954,23.66,0.6,14.196,5,0.2,1,34.83,0.6,20.898,2,0.2,0.4,1,0.4,0.4,4.2,40.848,0.8,0.5,Yes
3.89,15,7.18,0.6,4.308,14.63,0.6,8.778,5,0.2,1,98.75,0.6,59.25,2,0.2,0.4,0,0.2,0,4,73.736,0.4,0.5,Yes
3.89,15,1,0.4,0.4,0,0.2,0,5,0.2,1,0.36,0.2,0.072,2,0.2,0.4,0,0.2,0,2.2,1.872,0.4,0.5,No
3.89,13,0,0.2,0,0.06,0.2,0.012,5,0.2,1,0,0.2,0,2,0.2,0.4,0,0.2,0,2,1.412,0.4,0.5,No
3.89,13,2.63,0.6,1.578,2.55,0.2,0.51,5,0.2,1,0,0.2,0,2,0.2,0.4,0,0.2,0,2.4,3.488,0.4,0.5,No
3.89,13,0,0.2,0,0.87,0.2,0.174,5,0.2,1,0,0.2,0,2,0.2,0.4,0,0.2,0,2,1.574,0.4,0.5,No
3.89,36,10.96,0.6,6.576,41.47,0.6,24.882,5,0.2,1,35.21,0.6,21.126,2,0.2,0.4,1,0.4,0.4,4.2,54.384,0.8,0.5,Yes
3.89,6,0,0.2,0,0.23,0.2,0.046,5,0.2,1,0,0.2,0,2,0.2,0.4,0,0.2,0,2,1.446,0.4,0.5,No
3.41,34,4.25,0.6,2.55,45.51,0.6,27.306,5.5,0.4,2.2,8.2,0.4,3.28,2,0.2,0.4,0,0.2,0,4.2,35.736,0.4,0.5,Yes
3.41,18,1.98,0.4,0.792,51.42,0.6,30.852,5.5,0.4,2.2,20.33,0.6,12.198,2,0.2,0.4,1,0.4,0.4,4.4,46.842,0.8,0.5,Yes
3.41,25,1.44,0.4,0.576,29.25,0.6,17.55,5,0.2,1,35.13,0.6,21.078,2,0.2,0.4,0,0.2,0,3.8,40.604,0.4,0.5,Yes
3.41,39,1.52,0.4,0.608,37.33,0.6,22.398,5.5,0.4,2.2,63.7,0.6,38.22,2,0.2,0.4,0,0.2,0,4.2,63.826,0.4,0.5,Yes
3.41,39,3.63,0.6,2.178,10.85,0.4,4.34,5,0.2,1,0.28,0.2,0.056,2,0.2,0.4,0,0.2,0,3,7.974,0.4,0.5,Yes
3.41,2,1.35,0.4,0.54,66.35,0.6,39.81,5.5,0.4,2.2,27.13,0.6,16.278,2,0.2,0.4,3,0.6,1.8,4.6,61.028,2.2,0.5,Yes
3.41,39,9.97,0.6,5.982,88.73,0.6,53.238,5,0.2,1,10.27,0.6,6.162,2,0.2,0.4,0,0.2,0,4,66.782,0.4,0.5,Yes
3.41,27,1.41,0.4,0.564,36.16,0.6,21.696,5,0.2,1,13.05,0.6,7.83,2,0.6,1.2,0,0.2,0,4.2,32.29,1.2,0.5,Yes
3.41,8,1.98,0.4,0.792,67.91,0.6,40.746,5.5,0.4,2.2,18.79,0.6,11.274,2,0.2,0.4,1,0.4,0.4,4.4,55.812,0.8,0.5,Yes
3.41,11,10.08,0.6,6.048,22.31,0.6,13.386,5.5,0.4,2.2,16.82,0.6,10.092,2,0.2,0.4,0,0.2,0,4.4,32.126,0.4,0.5,Yes
3.41,11,1.44,0.4,0.576,9.65,0.4,3.86,6.5,0.6,3.9,10.03,0.6,6.018,2,0.2,0.4,0,0.2,0,4,14.754,0.4,0.5,Yes
3.41,12,25.4,0.6,15.24,51.74,0.6,31.044,5,0.2,1,12.67,0.6,7.602,6,0.2,1.2,2,0.6,1.2,4.8,57.286,2.4,0.5,Yes
3.41,12,3.21,0.6,1.926,72.07,0.6,43.242,5,0.2,1,13.79,0.6,8.274,6,0.2,1.2,1,0.4,0.4,4.6,56.042,1.6,0.5,Yes
3.41,9,12.28,0.6,7.368,20.62,0.6,12.372,5,0.2,1,10.16,0.6,6.096,2,0.2,0.4,1,0.4,0.4,4.2,27.636,0.8,0.5,Yes
3.41,9,6.93,0.6,4.158,70.26,0.6,42.156,5,0.2,1,9.73,0.4,3.892,2,0.2,0.4,0,0.2,0,3.8,51.606,0.4,0.5,Yes
3.41,16,3.34,0.6,2.004,37.59,0.6,22.554,5,0.2,1,26.95,0.6,16.17,2,0.2,0.4,0,0.2,0,4,42.128,0.4,0.5,Yes
3.41,13,15.66,0.6,9.396,74.53,0.6,44.718,5,0.2,1,29.07,0.6,17.442,2,0.2,0.4,0,0.2,0,4,72.956,0.4,0.5,Yes
3.41,13,2.92,0.6,1.752,5.24,0.4,2.096,5,0.2,1,9.76,0.4,3.904,2,0.2,0.4,0,0.2,0,3.2,9.152,0.4,0.5,Yes
3.41,37,0.83,0.2,0.166,28.06,0.6,16.836,5,0.2,1,13.31,0.6,7.986,2,0.2,0.4,0,0.2,0,3.6,26.388,0.4,0.5,Yes
3.41,13,1.97,0.4,0.788,30.25,0.6,18.15,5,0.2,1,0.68,0.2,0.136,2,0.2,0.4,0,0.2,0,3.4,20.474,0.4,0.5,Yes
3.41,5,10,0.6,6,47.9,0.6,28.74,5,0.2,1,7.7,0.4,3.08,2,0.2,0.4,0,0.2,0,3.8,39.22,0.4,0.5,Yes
3.41,35,13.06,0.6,7.836,45.42,0.6,27.252,5,0.2,1,10.4,0.6,6.24,2,0.2,0.4,0,0.2,0,4,42.728,0.4,0.5,Yes
3.41,38,1.35,0.4,0.54,33.25,0.6,19.95,5.5,0.4,2.2,20.62,0.6,12.372,2,0.2,0.4,0,0.2,0,4.2,35.462,0.4,0.5,Yes
3.41,4,4.13,0.6,2.478,16.74,0.6,10.044,5,0.2,1,44.02,0.6,26.412,2,0.2,0.4,0,0.2,0,4,40.334,0.4,0.5,Yes
3.41,31,12.62,0.6,7.572,80.06,0.6,48.036,5.5,0.4,2.2,43.53,0.6,26.118,4,0.2,0.8,0,0.2,0,4.6,84.726,0.8,0.5,Yes
3.41,31,16.36,0.6,9.816,41.1,0.6,24.66,5,0.2,1,12.03,0.6,7.218,4,0.2,0.8,0,0.2,0,4.2,43.494,0.8,0.5,Yes
3.41,16,12.68,0.6,7.608,41,0.6,24.6,5.5,0.4,2.2,11.88,0.6,7.128,2,0.2,0.4,0,0.2,0,4.4,41.936,0.4,0.5,Yes
3.41,16,11.73,0.6,7.038,85.87,0.6,51.522,5,0.2,1,6.96,0.4,2.784,2,0.2,0.4,1,0.4,0.4,4,63.144,0.8,0.5,Yes
3.41,22,5.15,0.6,3.09,44.67,0.6,26.802,5.5,0.4,2.2,21.07,0.6,12.642,2,0.2,0.4,0,0.2,0,4.4,45.134,0.4,0.5,Yes
3.41,7,6.61,0.6,3.966,55.62,0.6,33.372,5,0.2,1,57.16,0.6,34.296,2,0.4,0.8,0,0.2,0,4.2,73.434,0.8,0.5,Yes
3.41,8,8.03,0.6,4.818,94.43,0.6,56.658,5.5,0.4,2.2,10.65,0.6,6.39,2,0.2,0.4,2,0.6,1.2,4.8,71.666,1.6,0.5,Yes
3.41,8,1.21,0.4,0.484,34.03,0.6,20.418,5,0.2,1,5.36,0.4,2.144,2,0.2,0.4,0,0.2,0,3.6,24.446,0.4,0.5,Yes
3.41,19,1.64,0.4,0.656,46.21,0.6,27.726,5,0.2,1,2.45,0.2,0.49,2,0.2,0.4,0,0.2,0,3.4,30.272,0.4,0.5,Yes
3.41,19,1.21,0.4,0.484,43.84,0.6,26.304,5.5,0.4,2.2,31.61,0.6,18.966,2,0.2,0.4,0,0.2,0,4.2,48.354,0.4,0.5,Yes
3.41,29,1.1,0.4,0.44,87.71,0.6,52.626,5.5,0.4,2.2,34.32,0.6,20.592,2,0.2,0.4,0,0.2,0,4.2,76.258,0.4,0.5,Yes
3.41,29,4.17,0.6,2.502,24.37,0.6,14.622,5,0.2,1,4.24,0.2,0.848,2,0.2,0.4,0,0.2,0,3.6,19.372,0.4,0.5,Yes
3.41,20,1.08,0.4,0.432,32.71,0.6,19.626,5,0.2,1,8.38,0.4,3.352,2,0.2,0.4,0,0.2,0,3.6,24.81,0.4,0.5,Yes
3.41,29,12.29,0.6,7.374,25.74,0.6,15.444,5,0.2,1,22.1,0.6,13.26,2,0.4,0.8,0,0.2,0,4.2,37.878,0.8,0.5,Yes
3.41,32,12.54,0.6,7.524,31.62,0.6,18.972,5,0.2,1,54.07,0.6,32.442,2,0.2,0.4,0,0.2,0,4,60.338,0.4,0.5,Yes
3.41,9,17.26,0.6,10.356,44.22,0.6,26.532,5,0.2,1,27.68,0.6,16.608,2,0.2,0.4,1,0.4,0.4,4.2,55.296,0.8,0.5,Yes
3.41,30,1.15,0.4,0.46,20.1,0.6,12.06,6,0.6,3.6,21.45,0.6,12.87,2,0.2,0.4,0,0.2,0,4.6,29.39,0.4,0.5,Yes
3.41,15,20.04,0.6,12.024,48.9,0.6,29.34,5,0.2,1,11.09,0.6,6.654,2,0.2,0.4,0,0.2,0,4,49.418,0.4,0.5,Yes
3.41,15,12.17,0.6,7.302,47,0.6,28.2,6,0.6,3.6,10.14,0.6,6.084,2,0.2,0.4,0,0.2,0,4.8,45.586,0.4,0.5,Yes
3.41,40,10.37,0.6,6.222,105.56,0.6,63.336,9,0.6,5.4,52.13,0.6,31.278,2,0.2,0.4,0,0.2,0,4.8,106.636,0.4,0.5,Yes
3.41,41,9.67,0.6,5.802,62.25,0.6,37.35,5.5,0.4,2.2,17.02,0.6,10.212,2,0.2,0.4,0,0.2,0,4.4,55.964,0.4,0.5,Yes
3.41,42,3.77,0.6,2.262,40.86,0.6,24.516,5,0.2,1,18,0.6,10.8,2,0.2,0.4,0,0.2,0,4,38.978,0.4,0.5,Yes
3.41,22,4.73,0.6,2.838,60.22,0.6,36.132,5,0.2,1,69.76,0.6,41.856,2,0.2,0.4,0,0.2,0,4,82.226,0.4,0.5,Yes
3.41,11,6.31,0.6,3.786,19.42,0.6,11.652,5.5,0.4,2.2,13.88,0.6,8.328,2,0.2,0.4,0,0.2,0,4.4,26.366,0.4,0.5,Yes
3.41,13,5.61,0.6,3.366,1.56,0.2,0.312,5,0.2,1,4.03,0.2,0.806,2,0.2,0.4,0,0.2,0,2.4,5.884,0.4,0.5,Yes
3.41,37,5.22,0.6,3.132,20.94,0.6,12.564,5,0.2,1,2.44,0.2,0.488,2,0.2,0.4,0,0.2,0,3.6,17.584,0.4,0.5,Yes
3.41,19,0.31,0.2,0.062,58.12,0.6,34.872,5,0.2,1,78.98,0.6,47.388,2,0.4,0.8,0,0.2,0,3.8,84.122,0.8,0.5,Yes
3.41,15,2.86,0.6,1.716,17.09,0.6,10.254,5.5,0.4,2.2,6.88,0.4,2.752,2,0.2,0.4,0,0.2,0,4.2,17.322,0.4,0.5,Yes
3.41,14,16.53,0.6,9.918,72.99,0.6,43.794,5,0.2,1,5.49,0.4,2.196,2,0.2,0.4,1,0.4,0.4,4,57.708,0.8,0.5,Yes
3.41,22,2.7,0.6,1.62,45.16,0.6,27.096,5,0.2,1,37.79,0.6,22.674,2,0.2,0.4,0,0.2,0,4,52.79,0.4,0.5,Yes
3.41,8,3.08,0.6,1.848,60.78,0.6,36.468,5,0.2,1,0.36,0.2,0.072,2,0.2,0.4,0,0.2,0,3.6,39.788,0.4,0.5,Yes
3.41,32,2,0.6,1.2,49.19,0.6,29.514,5,0.2,1,60.88,0.6,36.528,2,0.2,0.4,1,0.4,0.4,4.2,69.042,0.8,0.5,Yes
3.41,2,1.18,0.4,0.472,0,0.2,0,5.5,0.4,2.2,183.2,0.6,109.92,2,0.4,0.8,0,0.2,0,3.2,113.392,0.8,0.5,Yes
3.41,39,1.07,0.4,0.428,0,0.2,0,5,0.2,1,10.02,0.6,6.012,2,0.2,0.4,0,0.2,0,2.6,7.84,0.4,0.5,Yes
3.41,12,1.07,0.4,0.428,0,0.2,0,5,0.2,1,0,0.2,0,6,0.2,1.2,0,0.2,0,2.6,2.628,1.2,0.5,Yes
3.41,13,1.01,0.4,0.404,0,0.2,0,5,0.2,1,0,0.2,0,2,0.2,0.4,0,0.2,0,2.2,1.804,0.4,0.5,No
3.41,5,0.93,0.2,0.186,0,0.2,0,5,0.2,1,0,0.2,0,2,0.2,0.4,0,0.2,0,2,1.586,0.4,0.5,No
3.41,4,4.01,0.6,2.406,0,0.2,0,5,0.2,1,0,0.2,0,2,0.2,0.4,0,0.2,0,2.4,3.806,0.4,0.5,No
3.41,32,0.77,0.2,0.154,0,0.2,0,5,0.2,1,0.32,0.2,0.064,2,0.2,0.4,0,0.2,0,2,1.618,0.4,0.5,No
3.41,16,1.05,0.4,0.42,0,0.2,0,5,0.2,1,0,0.2,0,2,0.2,0.4,0,0.2,0,2.2,1.82,0.4,0.5,No
3.41,15,1.01,0.4,0.404,0,0.2,0,5,0.2,1,0.28,0.2,0.056,2,0.2,0.4,0,0.2,0,2.2,1.86,0.4,0.5,No
3.41,19,0.91,0.2,0.182,0,0.2,0,5,0.2,1,0,0.2,0,2,0.2,0.4,0,0.2,0,2,1.582,0.4,0.5,No
3.41,8,1.12,0.4,0.448,0,0.2,0,5,0.2,1,0,0.2,0,2,0.2,0.4,0,0.2,0,2.2,1.848,0.4,0.5,No
3.41,9,0.8,0.2,0.16,0,0.2,0,5,0.2,1,0.18,0.2,0.036,2,0.2,0.4,0,0.2,0,2,1.596,0.4,0.5,No
3.41,22,0.65,0.2,0.13,0,0.2,0,5,0.2,1,0,0.2,0,2,0.2,0.4,0,0.2,0,2,1.53,0.4,0.5,No
3.41,29,0.63,0.2,0.126,0,0.2,0,5,0.2,1,0,0.2,0,2,0.2,0.4,0,0.2,0,2,1.526,0.4,0.5,No
3.41,6,0.43,0.2,0.086,0,0.2,0,5,0.2,1,0,0.2,0,2,0.2,0.4,0,0.2,0,2,1.486,0.4,0.5,No
3.41,11,1.21,0.4,0.484,0,0.2,0,5,0.2,1,0,0.2,0,2,0.2,0.4,0,0.2,0,2.2,1.884,0.4,0.5,No
3.41,31,0.17,0.2,0.034,0,0.2,0,5,0.2,1,0,0.2,0,2,0.2,0.4,0,0.2,0,2,1.434,0.4,0.5,No
3.41,18,0,0.2,0,0,0.2,0,5,0.2,1,0,0.2,0,4,0.2,0.8,0,0.2,0,2.2,1.8,0.8,0.5,No
3.41,14,0,0.2,0,0,0.2,0,5,0.2,1,0,0.2,0,2,0.2,0.4,0,0.2,0,2,1.4,0.4,0.5,No
3.41,36,0.07,0.2,0.014,0,0.2,0,5,0.2,1,0,0.2,0,2,0.2,0.4,0,0.2,0,2,1.414,0.4,0.5,No
2.72,18,5.11,0.6,3.066,53.76,0.6,32.256,6,0.6,3.6,48.56,0.6,29.136,2,0.2,0.4,2,0.6,1.2,5.2,69.658,1.6,0.5,Yes
2.72,39,2.46,0.6,1.476,6.72,0.4,2.688,5,0.2,1,0,0.2,0,2,0.2,0.4,0,0.2,0,3,5.564,0.4,0.5,Yes
2.72,39,4.05,0.6,2.43,21.66,0.6,12.996,5.5,0.4,2.2,18.45,0.6,11.07,2,0.2,0.4,0,0.2,0,4.4,29.096,0.4,0.5,Yes
2.72,39,2.81,0.6,1.686,4.6,0.2,0.92,5,0.2,1,8.44,0.4,3.376,2,0.2,0.4,0,0.2,0,2.6,7.382,0.4,0.5,Yes
2.72,25,4.43,0.6,2.658,61.47,0.6,36.882,5.5,0.4,2.2,39.65,0.6,23.79,2,0.2,0.4,0,0.2,0,4.4,65.93,0.4,0.5,Yes
2.72,39,3.48,0.6,2.088,17.85,0.6,10.71,5,0.2,1,9.53,0.4,3.812,2,0.2,0.4,0,0.2,0,3.8,18.01,0.4,0.5,Yes
2.72,8,3.62,0.6,2.172,44.28,0.6,26.568,5,0.2,1,44.67,0.6,26.802,2,0.2,0.4,0,0.2,0,4,56.942,0.4,0.5,Yes
2.72,8,4.34,0.6,2.604,24.13,0.6,14.478,5,0.2,1,3.42,0.2,0.684,2,0.2,0.4,0,0.2,0,3.6,19.166,0.4,0.5,Yes
2.72,12,3.62,0.6,2.172,8.37,0.4,3.348,5,0.2,1,0,0.2,0,2,0.2,0.4,0,0.2,0,3,6.92,0.4,0.5,Yes
2.72,11,3.11,0.6,1.866,113.97,0.6,68.382,5.5,0.4,2.2,26.64,0.6,15.984,2,0.2,0.4,0,0.2,0,4.4,88.832,0.4,0.5,Yes
2.72,9,1.65,0.4,0.66,20.86,0.6,12.516,5,0.2,1,16.91,0.6,10.146,2,0.2,0.4,0,0.2,0,3.8,24.722,0.4,0.5,Yes
2.72,12,3.43,0.6,2.058,1.53,0.2,0.306,5,0.2,1,0,0.2,0,2,0.2,0.4,0,0.2,0,2.4,3.764,0.4,0.5,No
2.72,9,3.84,0.6,2.304,98.67,0.6,59.202,5,0.2,1,12.9,0.6,7.74,2,0.2,0.4,0,0.2,0,4,70.646,0.4,0.5,Yes
2.72,12,7.42,0.6,4.452,115.87,0.6,69.522,6,0.6,3.6,6.79,0.4,2.716,2,0.2,0.4,1,0.4,0.4,4.8,81.09,0.8,0.5,Yes
2.72,12,7.07,0.6,4.242,35.48,0.6,21.288,5,0.2,1,8.76,0.4,3.504,2,0.2,0.4,0,0.2,0,3.8,30.434,0.4,0.5,Yes
2.72,2,3.26,0.6,1.956,5.55,0.4,2.22,5,0.2,1,0.21,0.2,0.042,6,0.2,1.2,0,0.2,0,3.4,6.418,1.2,0.5,Yes
2.72,13,3.84,0.6,2.304,144.39,0.6,86.634,5,0.2,1,19.68,0.6,11.808,2,0.4,0.8,1,0.4,0.4,4.4,102.946,1.2,0.5,Yes
2.72,13,5.5,0.6,3.3,93.26,0.6,55.956,5,0.2,1,14.27,0.6,8.562,2,0.2,0.4,0,0.2,0,4,69.218,0.4,0.5,Yes
2.72,5,1.9,0.4,0.76,35.04,0.6,21.024,6.5,0.6,3.9,16.19,0.6,9.714,2,0.2,0.4,0,0.2,0,4.6,35.798,0.4,0.5,Yes
2.72,5,3.5,0.6,2.1,16.09,0.6,9.654,5,0.2,1,5.03,0.4,2.012,2,0.2,0.4,0,0.2,0,3.8,15.166,0.4,0.5,Yes
2.72,5,1.46,0.4,0.584,0.75,0.2,0.15,5,0.2,1,0.11,0.2,0.022,2,0.2,0.4,0,0.2,0,2.2,2.156,0.4,0.5,No
2.72,38,4.6,0.6,2.76,54.99,0.6,32.994,5,0.2,1,14.1,0.6,8.46,2,0.2,0.4,0,0.2,0,4,45.614,0.4,0.5,Yes
2.72,5,7.43,0.6,4.458,79.5,0.6,47.7,5,0.2,1,102.39,0.6,61.434,2,0.2,0.4,0,0.2,0,4,114.992,0.4,0.5,Yes
2.72,11,3.51,0.6,2.106,52.89,0.6,31.734,5,0.2,1,4.26,0.2,0.852,2,0.2,0.4,0,0.2,0,3.6,36.092,0.4,0.5,Yes
2.72,4,5.65,0.6,3.39,67.16,0.6,40.296,6,0.6,3.6,27.23,0.6,16.338,2,0.2,0.4,0,0.2,0,4.8,64.024,0.4,0.5,Yes
2.72,4,1.33,0.4,0.532,0.35,0.2,0.07,5,0.2,1,0,0.2,0,2,0.2,0.4,0,0.2,0,2.2,2.002,0.4,0.5,No
2.72,31,5.45,0.6,3.27,71.09,0.6,42.654,5.5,0.4,2.2,59.18,0.6,35.508,2,0.2,0.4,0,0.2,0,4.4,84.032,0.4,0.5,Yes
2.72,4,1.73,0.4,0.692,5.64,0.4,2.256,5,0.2,1,13.35,0.6,8.01,2,0.2,0.4,0,0.2,0,3.2,12.358,0.4,0.5,Yes
2.72,16,6.02,0.6,3.612,135.69,0.6,81.414,6,0.6,3.6,89.64,0.6,53.784,4,0.2,0.8,0,0.2,0,5,143.21,0.8,0.5,Yes
2.72,22,3.22,0.6,1.932,55.64,0.6,33.384,5,0.2,1,80.8,0.6,48.48,2,0.4,0.8,0,0.2,0,4.2,85.596,0.8,0.5,Yes
2.72,16,2.41,0.6,1.446,5.28,0.4,2.112,5,0.2,1,8.95,0.4,3.58,4,0.2,0.8,0,0.2,0,3.4,8.938,0.8,0.5,Yes
2.72,16,2.84,0.6,1.704,64.91,0.6,38.946,5.5,0.4,2.2,124.59,0.6,74.754,4,0.2,0.8,0,0.2,0,4.6,118.404,0.8,0.5,Yes
2.72,16,1.75,0.4,0.7,0.57,0.2,0.114,5,0.2,1,0,0.2,0,4,0.2,0.8,0,0.2,0,2.4,2.614,0.8,0.5,Yes
2.72,16,2.18,0.6,1.308,30.81,0.6,18.486,5,0.2,1,5.8,0.4,2.32,4,0.2,0.8,0,0.2,0,4,23.914,0.8,0.5,Yes
2.72,16,3.26,0.6,1.956,2.81,0.2,0.562,6,0.6,3.6,21.6,0.6,12.96,4,0.2,0.8,0,0.2,0,3.8,19.878,0.8,0.5,Yes
2.72,40,4.43,0.6,2.658,51.32,0.6,30.792,5.5,0.4,2.2,145.97,0.6,87.582,2,0.2,0.4,0,0.2,0,4.4,123.632,0.4,0.5,Yes
2.72,8,5.61,0.6,3.366,99.33,0.6,59.598,6.5,0.6,3.9,76.47,0.6,45.882,2,0.2,0.4,0,0.2,0,4.8,113.146,0.4,0.5,Yes
2.72,19,3.9,0.6,2.34,27.92,0.6,16.752,5,0.2,1,47.6,0.6,28.56,2,0.2,0.4,0,0.2,0,4,49.052,0.4,0.5,Yes
2.72,19,2.19,0.6,1.314,0.68,0.2,0.136,5,0.2,1,28.4,0.6,17.04,2,0.2,0.4,0,0.2,0,2.8,19.89,0.4,0.5,Yes
2.72,19,1.56,0.4,0.624,14.64,0.4,5.856,5,0.2,1,25.97,0.6,15.582,2,0.2,0.4,0,0.2,0,3.2,23.462,0.4,0.5,Yes
2.72,14,4.53,0.6,2.718,87.93,0.6,52.758,5,0.2,1,85.81,0.6,51.486,2,0.2,0.4,0,0.2,0,4,108.362,0.4,0.5,Yes
2.72,20,4.97,0.6,2.982,42.19,0.6,25.314,5.5,0.4,2.2,45.37,0.6,27.222,2,0.2,0.4,0,0.2,0,4.4,58.118,0.4,0.5,Yes
2.72,19,2.13,0.6,1.278,0.59,0.2,0.118,5,0.2,1,0.76,0.2,0.152,2,0.2,0.4,0,0.2,0,2.4,2.948,0.4,0.5,No
2.72,19,3.66,0.6,2.196,15.47,0.6,9.282,5,0.2,1,1.43,0.2,0.286,2,0.2,0.4,0,0.2,0,3.6,13.164,0.4,0.5,Yes
2.72,19,1.64,0.4,0.656,0.19,0.2,0.038,5,0.2,1,1.59,0.2,0.318,2,0.2,0.4,0,0.2,0,2.2,2.412,0.4,0.5,No
2.72,29,4.9,0.6,2.94,98.71,0.6,59.226,5.5,0.4,2.2,82.99,0.6,49.794,2,0.2,0.4,1,0.4,0.4,4.6,114.96,0.8,0.5,Yes
2.72,32,5.68,0.6,3.408,67.38,0.6,40.428,5,0.2,1,86.7,0.6,52.02,2,0.2,0.4,1,0.4,0.4,4.2,97.656,0.8,0.5,Yes
2.72,9,3.99,0.6,2.394,92.05,0.6,55.23,5,0.2,1,15.14,0.6,9.084,2,0.2,0.4,1,0.4,0.4,4.2,68.508,0.8,0.5,Yes
2.72,30,3.47,0.6,2.082,47.07,0.6,28.242,5,0.2,1,31.38,0.6,18.828,2,0.2,0.4,0,0.2,0,4,50.552,0.4,0.5,Yes
2.72,15,2.68,0.6,1.608,38.32,0.6,22.992,5,0.2,1,7.17,0.4,2.868,2,0.2,0.4,0,0.2,0,3.8,28.868,0.4,0.5,Yes
2.72,15,2.13,0.6,1.278,42.64,0.6,25.584,5,0.2,1,18.24,0.6,10.944,2,0.2,0.4,0,0.2,0,4,39.206,0.4,0.5,Yes
2.72,2,4.28,0.6,2.568,1264.63,0.6,758.778,5.5,0.4,2.2,58.86,0.6,35.316,6,0.2,1.2,2,0.6,1.2,5.2,801.262,2.4,0.5,Yes
2.72,1,4.36,0.6,2.616,33.91,0.6,20.346,5.5,0.4,2.2,6.06,0.4,2.424,6,0.4,2.4,0,0.2,0,4.8,29.986,2.4,0.5,Yes
2.72,2,2.23,0.6,1.338,4.54,0.2,0.908,5,0.2,1,22.8,0.6,13.68,6,0.2,1.2,0,0.2,0,3.2,18.126,1.2,0.5,Yes
2.72,12,2,0.6,1.2,0.32,0.2,0.064,5,0.2,1,5.37,0.4,2.148,2,0.2,0.4,0,0.2,0,2.6,4.812,0.4,0.5,No
2.72,7,3.04,0.6,1.824,67.37,0.6,40.422,6.5,0.6,3.9,77.47,0.6,46.482,2,0.2,0.4,0,0.2,0,4.8,93.028,0.4,0.5,Yes
2.72,22,1.19,0.4,0.476,122.07,0.6,73.242,5,0.2,1,15.2,0.6,9.12,2,0.2,0.4,0,0.2,0,3.8,84.238,0.4,0.5,Yes
2.72,1,1.35,0.4,0.54,0,0.2,0,6,0.6,3.6,680.14,0.6,408.084,2,0.2,0.4,0,0.2,0,3.4,412.624,0.4,0.5,Yes
2.72,1,1.14,0.4,0.456,0,0.2,0,5,0.2,1,0.71,0.2,0.142,2,0.2,0.4,0,0.2,0,2.2,1.998,0.4,0.5,No
2.72,6,1.51,0.4,0.604,0,0.2,0,5,0.2,1,0,0.2,0,2,0.2,0.4,0,0.2,0,2.2,2.004,0.4,0.5,No
2.72,8,1.13,0.4,0.452,0,0.2,0,5,0.2,1,0,0.2,0,2,0.2,0.4,0,0.2,0,2.2,1.852,0.4,0.5,No
2.72,5,1.5,0.4,0.6,0,0.2,0,5,0.2,1,1.44,0.2,0.288,2,0.2,0.4,0,0.2,0,2.2,2.288,0.4,0.5,No
2.72,9,0.96,0.2,0.192,0,0.2,0,5,0.2,1,0,0.2,0,2,0.2,0.4,0,0.2,0,2,1.592,0.4,0.5,No
2.72,12,1.6,0.4,0.64,0,0.2,0,5,0.2,1,0,0.2,0,2,0.2,0.4,0,0.2,0,2.2,2.04,0.4,0.5,No
2.72,16,1.34,0.4,0.536,0,0.2,0,5,0.2,1,0,0.2,0,4,0.2,0.8,0,0.2,0,2.4,2.336,0.8,0.5,No
2.72,19,1.6,0.4,0.64,0,0.2,0,5,0.2,1,0.06,0.2,0.012,2,0.2,0.4,0,0.2,0,2.2,2.052,0.4,0.5,No
2.72,11,1.13,0.4,0.452,0,0.2,0,5,0.2,1,0.02,0.2,0.004,2,0.2,0.4,0,0.2,0,2.2,1.856,0.4,0.5,No
2.72,4,0,0.2,0,0,0.2,0,5,0.2,1,0,0.2,0,2,0.2,0.4,0,0.2,0,2,1.4,0.4,0.5,No
2.72,9,0,0.2,0,0,0.2,0,5,0.2,1,0,0.2,0,2,0.2,0.4,0,0.2,0,2,1.4,0.4,0.5,No
2.72,12,0.77,0.2,0.154,0,0.2,0,5,0.2,1,4.6,0.2,0.92,2,0.2,0.4,0,0.2,0,2,2.474,0.4,0.5,No
2.72,12,1.05,0.4,0.42,0,0.2,0,5,0.2,1,0,0.2,0,2,0.2,0.4,0,0.2,0,2.2,1.82,0.4,0.5,No
2.72,19,0,0.2,0,0,0.2,0,5,0.2,1,0,0.2,0,2,0.2,0.4,0,0.2,0,2,1.4,0.4,0.5,No
2.72,22,0,0.2,0,0,0.2,0,5,0.2,1,30.85,0.6,18.51,2,0.2,0.4,0,0.2,0,2.4,19.91,0.4,0.5,Yes
2.72,16,0,0.2,0,0,0.2,0,5,0.2,1,0,0.2,0,4,0.2,0.8,0,0.2,0,2.2,1.8,0.8,0.5,No
2.72,15,0,0.2,0,0,0.2,0,5,0.2,1,0,0.2,0,2,0.2,0.4,0,0.2,0,2,1.4,0.4,0.5,No
2.72,15,0,0.2,0,0,0.2,0,5,0.2,1,0,0.2,0,2,0.2,0.4,0,0.2,0,2,1.4,0.4,0.5,No
2.72,32,0.84,0.2,0.168,0,0.2,0,5,0.2,1,8.21,0.4,3.284,2,0.2,0.4,0,0.2,0,2.2,4.852,0.4,0.5,No
2.72,13,0,0.2,0,0,0.2,0,5,0.2,1,0,0.2,0,2,0.2,0.4,0,0.2,0,2,1.4,0.4,0.5,No
2.72,19,0.85,0.2,0.17,0,0.2,0,5,0.2,1,0,0.2,0,2,0.2,0.4,0,0.2,0,2,1.57,0.4,0.5,No
2.72,5,0,0.2,0,0.28,0.2,0.056,5,0.2,1,0,0.2,0,2,0.2,0.4,0,0.2,0,2,1.456,0.4,0.5,No
2.72,6,0.61,0.2,0.122,0.07,0.2,0.014,5,0.2,1,0,0.2,0,2,0.2,0.4,0,0.2,0,2,1.536,0.4,0.5,No
2.72,8,0,0.2,0,0.62,0.2,0.124,5,0.2,1,0,0.2,0,2,0.2,0.4,0,0.2,0,2,1.524,0.4,0.5,No
2.37,18,3.43,0.6,2.058,1,0.4,0.4,5.5,0.4,2.2,49.31,0.6,29.586,2,0.4,0.8,1,0.4,0.4,4.2,35.444,1.2,0.5,Yes
2.37,11,1.63,0.4,0.652,5.86,0.6,3.516,5,0.2,1,3.69,0.2,0.738,2,0.2,0.4,0,0.2,0,3.4,6.306,0.4,0.5,Yes
2.37,1,3.75,0.6,2.25,1.25,0.4,0.5,6,0.6,3.6,11.25,0.6,6.75,6,0.2,1.2,0,0.2,0,4.6,14.3,1.2,0.5,Yes
2.37,8,2.29,0.6,1.374,2.64,0.6,1.584,5,0.2,1,3.08,0.2,0.616,2,0.2,0.4,0,0.2,0,3.6,4.974,0.4,0.5,No
2.37,6,2.51,0.6,1.506,8.59,0.6,5.154,5.5,0.4,2.2,16.03,0.6,9.618,2,0.2,0.4,5,0.6,3,4.8,21.878,3.4,0.5,Yes
2.37,16,2.21,0.6,1.326,5.21,0.6,3.126,5,0.2,1,3.43,0.2,0.686,2,0.2,0.4,0,0.2,0,3.6,6.538,0.4,0.5,Yes
2.37,12,2.22,0.6,1.332,6.23,0.6,3.738,5,0.2,1,0.89,0.2,0.178,2,0.2,0.4,0,0.2,0,3.6,6.648,0.4,0.5,Yes
2.37,9,1.67,0.4,0.668,0.39,0.2,0.078,5,0.2,1,1.43,0.2,0.286,2,0.2,0.4,0,0.2,0,2.2,2.432,0.4,0.5,No
2.37,13,2.59,0.6,1.554,0.66,0.2,0.132,5,0.2,1,1.28,0.2,0.256,2,0.2,0.4,0,0.2,0,2.4,3.342,0.4,0.5,No
2.37,22,2.39,0.6,1.434,7.72,0.6,4.632,5,0.2,1,5.42,0.4,2.168,2,0.2,0.4,1,0.4,0.4,4,10.034,0.8,0.5,Yes
2.37,32,3.42,0.6,2.052,10.55,0.6,6.33,5,0.2,1,6.96,0.4,2.784,2,0.2,0.4,0,0.2,0,3.8,12.566,0.4,0.5,Yes
2.37,27,3.61,0.6,2.166,2.13,0.6,1.278,5,0.2,1,5.41,0.4,2.164,2,0.4,0.8,2,0.6,1.2,4.4,8.608,2,0.5,Yes
2.37,4,1.86,0.4,0.744,4.51,0.6,2.706,5,0.2,1,7.27,0.4,2.908,2,0.2,0.4,0,0.2,0,3.6,7.758,0.4,0.5,Yes
2.37,19,1.9,0.4,0.76,7.97,0.6,4.782,5,0.2,1,8.6,0.4,3.44,2,0.2,0.4,1,0.4,0.4,3.8,10.782,0.8,0.5,Yes
2.37,14,3.29,0.6,1.974,6.41,0.6,3.846,5,0.2,1,3.66,0.2,0.732,2,0.2,0.4,0,0.2,0,3.6,7.952,0.4,0.5,Yes
2.37,15,2.6,0.6,1.56,1.14,0.4,0.456,5,0.2,1,8.76,0.4,3.504,2,0.2,0.4,1,0.4,0.4,3.4,7.32,0.8,0.5,Yes
2.37,8,3.81,0.6,2.286,11.52,0.6,6.912,5,0.2,1,3.25,0.2,0.65,4,0.2,0.8,0,0.2,0,3.8,11.648,0.8,0.5,Yes
2.37,9,2.1,0.6,1.26,5.06,0.6,3.036,5,0.2,1,5.41,0.4,2.164,2,0.2,0.4,0,0.2,0,3.8,7.86,0.4,0.5,Yes
2.37,5,2.22,0.6,1.332,3.4,0.6,2.04,5,0.2,1,26.28,0.6,15.768,2,0.2,0.4,1,0.4,0.4,4.2,20.94,0.8,0.5,Yes
2.37,31,0.96,0.2,0.192,0.12,0.2,0.024,5,0.2,1,0.22,0.2,0.044,2,0.2,0.4,0,0.2,0,2,1.66,0.4,0.5,No
2.37,38,0.81,0.2,0.162,4.6,0.6,2.76,5,0.2,1,1.82,0.2,0.364,2,0.2,0.4,0,0.2,0,3.2,4.686,0.4,0.5,No
2.37,8,1.25,0.4,0.5,0.02,0.2,0.004,5,0.2,1,0.82,0.2,0.164,2,0.2,0.4,0,0.2,0,2.2,2.068,0.4,0.5,No
2.37,12,1.65,0.4,0.66,0.02,0.2,0.004,5,0.2,1,27.99,0.6,16.794,2,0.2,0.4,0,0.2,0,2.6,18.858,0.4,0.5,Yes
2.37,18,1.65,0.4,0.66,0.02,0.2,0.004,5,0.2,1,2.47,0.2,0.494,2,0.2,0.4,0,0.2,0,2.2,2.558,0.4,0.5,No
2.37,19,2.13,0.6,1.278,0.11,0.2,0.022,5,0.2,1,7.54,0.4,3.016,2,0.2,0.4,0,0.2,0,2.6,5.716,0.4,0.5,Yes
2.37,28,0.44,0.2,0.088,0.02,0.2,0.004,5,0.2,1,27.1,0.6,16.26,6,0.2,1.2,0,0.2,0,2.8,18.552,1.2,0.5,Yes
2.37,28,1.31,0.4,0.524,0.12,0.2,0.024,5.5,0.4,2.2,0,0.2,0,6,0.2,1.2,0,0.2,0,3,3.948,1.2,0.5,Yes
2.37,12,0.39,0.2,0.078,0.14,0.2,0.028,5,0.2,1,0.58,0.2,0.116,2,0.2,0.4,0,0.2,0,2,1.622,0.4,0.5,No
2.37,19,1,0.4,0.4,1.1,0.4,0.44,5,0.2,1,0,0.2,0,2,0.2,0.4,0,0.2,0,2.8,2.24,0.4,0.5,No
2.37,12,0.42,0.2,0.084,0.27,0.2,0.054,5,0.2,1,0,0.2,0,2,0.2,0.4,0,0.2,0,2,1.538,0.4,0.5,No
2.37,6,1.07,0.4,0.428,0.59,0.2,0.118,5,0.2,1,0,0.2,0,2,0.2,0.4,0,0.2,0,2.2,1.946,0.4,0.5,No
2.37,28,1.29,0.4,0.516,0.25,0.2,0.05,5,0.2,1,0,0.2,0,2,0.2,0.4,0,0.2,0,2.2,1.966,0.4,0.5,No
2.37,5,0.02,0.2,0.004,0.87,0.2,0.174,5,0.2,1,0.04,0.2,0.008,2,0.2,0.4,0,0.2,0,2,1.586,0.4,0.5,No
2.37,6,1.46,0.4,0.584,0.55,0.2,0.11,5,0.2,1,0.67,0.2,0.134,2,0.2,0.4,0,0.2,0,2.2,2.228,0.4,0.5,No
2.37,19,0.84,0.2,0.168,0.06,0.2,0.012,5,0.2,1,0.72,0.2,0.144,2,0.2,0.4,0,0.2,0,2,1.724,0.4,0.5,No
2.37,8,0.66,0.2,0.132,1.37,0.4,0.548,5,0.2,1,0.84,0.2,0.168,4,0.2,0.8,0,0.2,0,2.8,2.648,0.8,0.5,Yes
2.37,8,0.53,0.2,0.106,5.4,0.6,3.24,5,0.2,1,0.72,0.2,0.144,2,0.2,0.4,0,0.2,0,3.2,4.89,0.4,0.5,No
2.37,6,0.39,0.2,0.078,0.47,0.2,0.094,5,0.2,1,0,0.2,0,2,0.2,0.4,0,0.2,0,2,1.572,0.4,0.5,No
2.37,19,0.51,0.2,0.102,0.47,0.2,0.094,5,0.2,1,0,0.2,0,2,0.2,0.4,0,0.2,0,2,1.596,0.4,0.5,No
2.37,12,0.47,0.2,0.094,0.29,0.2,0.058,5,0.2,1,0.07,0.2,0.014,2,0.2,0.4,0,0.2,0,2,1.566,0.4,0.5,No
2.37,35,3.35,0.6,2.01,0.99,0.2,0.198,5,0.2,1,0.12,0.2,0.024,2,0.2,0.4,0,0.2,0,2.4,3.632,0.4,0.5,No
2.37,28,0.32,0.2,0.064,0.49,0.2,0.098,5,0.2,1,6.73,0.4,2.692,6,0.2,1.2,0,0.2,0,2.6,5.054,1.2,0.5,Yes
2.37,28,0.51,0.2,0.102,0,0.2,0,5,0.2,1,0,0.2,0,6,0.2,1.2,0,0.2,0,2.4,2.302,1.2,0.5,Yes
2.37,4,0,0.2,0,0,0.2,0,5,0.2,1,0.05,0.2,0.01,2,0.2,0.4,0,0.2,0,2,1.41,0.4,0.5,No
2.37,9,0.31,0.2,0.062,0.69,0.2,0.138,5,0.2,1,0,0.2,0,2,0.2,0.4,0,0.2,0,2,1.6,0.4,0.5,No
2.37,32,0.61,0.2,0.122,1.54,0.4,0.616,5,0.2,1,0.57,0.2,0.114,2,0.2,0.4,0,0.2,0,2.6,2.252,0.4,0.5,No
2.37,5,0.26,0.2,0.052,0.17,0.2,0.034,5,0.2,1,0,0.2,0,2,0.2,0.4,0,0.2,0,2,1.486,0.4,0.5,No
2.37,2,0.73,0.2,0.146,0.05,0.2,0.01,5,0.2,1,6.14,0.4,2.456,6,0.2,1.2,0,0.2,0,2.6,4.812,1.2,0.5,Yes
2.37,2,0,0.2,0,0,0.2,0,5,0.2,1,0,0.2,0,6,0.2,1.2,0,0.2,0,2.4,2.2,1.2,0.5,Yes
2.37,16,1.27,0.4,0.508,1.01,0.4,0.404,5,0.2,1,1.15,0.2,0.23,2,0.2,0.4,0,0.2,0,2.8,2.542,0.4,0.5,No
2.37,19,1.62,0.4,0.648,0.49,0.2,0.098,5,0.2,1,0,0.2,0,2,0.2,0.4,0,0.2,0,2.2,2.146,0.4,0.5,No
2.37,5,1.54,0.4,0.616,0.46,0.2,0.092,5,0.2,1,0.57,0.2,0.114,2,0.2,0.4,0,0.2,0,2.2,2.222,0.4,0.5,No
2.37,2,2.18,0.6,1.308,0.93,0.2,0.186,5,0.2,1,0,0.2,0,6,0.2,1.2,0,0.2,0,2.8,3.694,1.2,0.5,Yes
2.37,2,7.59,0.6,4.554,1.47,0.4,0.588,5.5,0.4,2.2,36.29,0.6,21.774,6,0.2,1.2,0,0.2,0,4.2,30.316,1.2,0.5,Yes
2.37,2,0.76,0.2,0.152,0.34,0.2,0.068,5,0.2,1,0,0.2,0,6,0.2,1.2,0,0.2,0,2.4,2.42,1.2,0.5,Yes
2.37,16,0.38,0.2,0.076,0.85,0.2,0.17,5,0.2,1,0.04,0.2,0.008,2,0.2,0.4,0,0.2,0,2,1.654,0.4,0.5,No
2.37,5,1.29,0.4,0.516,0.13,0.2,0.026,5,0.2,1,0,0.2,0,2,0.2,0.4,0,0.2,0,2.2,1.942,0.4,0.5,No
2.37,19,1.99,0.4,0.796,0.63,0.2,0.126,5,0.2,1,0,0.2,0,2,0.2,0.4,0,0.2,0,2.2,2.322,0.4,0.5,No
2.37,31,0,0.2,0,0,0.2,0,5,0.2,1,0,0.2,0,2,0.2,0.4,0,0.2,0,2,1.4,0.4,0.5,No
2.37,4,0.02,0.2,0.004,0.05,0.2,0.01,5,0.2,1,0,0.2,0,2,0.2,0.4,0,0.2,0,2,1.414,0.4,0.5,No
2.37,5,0.14,0.2,0.028,0.08,0.2,0.016,5,0.2,1,0,0.2,0,2,0.2,0.4,0,0.2,0,2,1.444,0.4,0.5,No
2.37,18,0.09,0.2,0.018,0,0.2,0,5,0.2,1,0,0.2,0,2,0.2,0.4,0,0.2,0,2,1.418,0.4,0.5,No
2.37,9,0,0.2,0,0,0.2,0,5,0.2,1,0,0.2,0,2,0.2,0.4,0,0.2,0,2,1.4,0.4,0.5,No
2.37,32,0,0.2,0,0,0.2,0,5,0.2,1,0,0.2,0,2,0.2,0.4,0,0.2,0,2,1.4,0.4,0.5,No
2.37,16,0.01,0.2,0.002,0.007,0.2,0.0014,5,0.2,1,0,0.2,0,2,0.2,0.4,0,0.2,0,2,1.4034,0.4,0.5,No
2.37,16,0.17,0.2,0.034,0.04,0.2,0.008,5,0.2,1,0,0.2,0,2,0.2,0.4,0,0.2,0,2,1.442,0.4,0.5,No
2.37,2,1.66,0.4,0.664,0.83,0.2,0.166,5,0.2,1,0.31,0.2,0.062,6,0.2,1.2,0,0.2,0,2.6,3.092,1.2,0.5,Yes
2.37,2,0.5,0.2,0.1,0.04,0.2,0.008,5,0.2,1,0,0.2,0,6,0.2,1.2,0,0.2,0,2.4,2.308,1.2,0.5,Yes
2.37,2,0.9,0.2,0.18,0.29,0.2,0.058,5,0.2,1,1.22,0.2,0.244,6,0.2,1.2,0,0.2,0,2.4,2.682,1.2,0.5,Yes
2.37,2,0,0.2,0,0,0.2,0,5,0.2,1,0.23,0.2,0.046,6,0.2,1.2,0,0.2,0,2.4,2.246,1.2,0.5,Yes
1.99,2,57.03,0.6,34.218,134.33,0.6,80.598,5,0.2,1,844.37,0.6,506.622,2,0.2,0.4,0,0.2,0,4,622.838,0.4,0.5,Yes
1.99,8,0.58,0.2,0.116,0,0.2,0,5,0.2,1,0,0.2,0,2,0.2,0.4,0,0.2,0,2,1.516,0.4,0.5,No
1.99,12,1.52,0.4,0.608,0,0.2,0,5,0.2,1,6.96,0.4,2.784,2,0.2,0.4,0,0.2,0,2.4,4.792,0.4,0.5,No
1.99,6,0.9,0.2,0.18,0,0.2,0,5,0.2,1,1.95,0.2,0.39,2,0.2,0.4,0,0.2,0,2,1.97,0.4,0.5,No
1.99,6,1.19,0.4,0.476,0,0.2,0,5,0.2,1,0,0.2,0,2,0.2,0.4,0,0.2,0,2.2,1.876,0.4,0.5,No
1.99,25,0.53,0.2,0.106,0,0.2,0,5,0.2,1,2.33,0.2,0.466,2,0.2,0.4,0,0.2,0,2,1.972,0.4,0.5,No
1.99,40,0.93,0.2,0.186,0,0.2,0,5,0.2,1,0.11,0.2,0.022,2,0.2,0.4,0,0.2,0,2,1.608,0.4,0.5,No
1.99,8,1.89,0.4,0.756,0,0.2,0,5,0.2,1,0,0.2,0,2,0.2,0.4,0,0.2,0,2.2,2.156,0.4,0.5,No
1.99,8,1.71,0.4,0.684,0,0.2,0,5,0.2,1,0.09,0.2,0.018,2,0.2,0.4,0,0.2,0,2.2,2.102,0.4,0.5,No
1.99,LOHARU,0.3,0.2,0.06,0,0.2,0,5,0.2,1,0,0.2,0,2,0.2,0.4,0,0.2,0,2,1.46,0.4,0.5,No
1.99,31,0.76,0.2,0.152,0,0.2,0,5,0.2,1,7.48,0.4,2.992,2,0.2,0.4,0,0.2,0,2.2,4.544,0.4,0.5,No
1.99,4,0.96,0.2,0.192,0,0.2,0,5,0.2,1,9.45,0.4,3.78,2,0.2,0.4,0,0.2,0,2.2,5.372,0.4,0.5,Yes
1.99,14,1.26,0.4,0.504,0,0.2,0,5,0.2,1,0,0.2,0,2,0.2,0.4,0,0.2,0,2.2,1.904,0.4,0.5,No
1.99,NUH,0.55,0.2,0.11,0,0.2,0,5,0.2,1,0.67,0.2,0.134,2,0.2,0.4,0,0.2,0,2,1.644,0.4,0.5,No
1.99,5,0.29,0.2,0.058,0,0.2,0,5,0.2,1,0.06,0.2,0.012,2,0.2,0.4,0,0.2,0,2,1.47,0.4,0.5,No
1.99,5,1.27,0.4,0.508,0,0.2,0,5,0.2,1,2.77,0.2,0.554,2,0.2,0.4,0,0.2,0,2.2,2.462,0.4,0.5,No
1.99,5,1.34,0.4,0.536,0,0.2,0,5,0.2,1,0,0.2,0,2,0.2,0.4,0,0.2,0,2.2,1.936,0.4,0.5,No
1.99,5,0.56,0.2,0.112,0,0.2,0,5,0.2,1,1.75,0.2,0.35,2,0.2,0.4,0,0.2,0,2,1.862,0.4,0.5,No
1.99,20,0.86,0.2,0.172,0,0.2,0,5,0.2,1,0,0.2,0,6,0.2,1.2,0,0.2,0,2.4,2.372,1.2,0.5,Yes
1.99,19,1.62,0.4,0.648,0,0.2,0,5,0.2,1,0,0.2,0,6,0.2,1.2,0,0.2,0,2.6,2.848,1.2,0.5,Yes
1.99,19,3.02,0.6,1.812,0,0.2,0,5,0.2,1,0,0.2,0,6,0.2,1.2,0,0.2,0,2.8,4.012,1.2,0.5,Yes
1.99,19,0.59,0.2,0.118,0,0.2,0,5,0.2,1,0,0.2,0,6,0.2,1.2,0,0.2,0,2.4,2.318,1.2,0.5,Yes
1.99,22,1.1,0.4,0.44,0,0.2,0,5,0.2,1,0,0.2,0,2,0.2,0.4,0,0.2,0,2.2,1.84,0.4,0.5,No
1.99,9,1.03,0.4,0.412,0,0.2,0,5,0.2,1,27.28,0.6,16.368,2,0.2,0.4,0,0.2,0,2.6,18.18,0.4,0.5,Yes
1.99,30,0.66,0.2,0.132,0,0.2,0,5,0.2,1,0.73,0.2,0.146,2,0.2,0.4,0,0.2,0,2,1.678,0.4,0.5,No
1.99,SAFIDON,0.48,0.2,0.096,0,0.2,0,5,0.2,1,0.47,0.2,0.094,2,0.2,0.4,0,0.2,0,2,1.59,0.4,0.5,No
1.99,11,1.27,0.4,0.508,0,0.2,0,5,0.2,1,175.9,0.6,105.54,2,0.2,0.4,0,0.2,0,2.6,107.448,0.4,0.5,Yes
1.99,12,0.43,0.2,0.086,0,0.2,0,5,0.2,1,13.54,0.6,8.124,2,0.2,0.4,0,0.2,0,2.4,9.61,0.4,0.5,Yes
1.99,12,1.65,0.4,0.66,0,0.2,0,5,0.2,1,0.01,0.2,0.002,2,0.2,0.4,0,0.2,0,2.2,2.062,0.4,0.5,No
1.99,8,1.4,0.4,0.56,0,0.2,0,5,0.2,1,0,0.2,0,2,0.2,0.4,0,0.2,0,2.2,1.96,0.4,0.5,No
1.99,8,1.14,0.4,0.456,0,0.2,0,5,0.2,1,41.82,0.6,25.092,2,0.2,0.4,0,0.2,0,2.6,26.948,0.4,0.5,Yes
1.99,8,0.45,0.2,0.09,0,0.2,0,5,0.2,1,0,0.2,0,2,0.2,0.4,0,0.2,0,2,1.49,0.4,0.5,No
1.99,27,0.6,0.2,0.12,0,0.2,0,5,0.2,1,0,0.2,0,2,0.2,0.4,0,0.2,0,2,1.52,0.4,0.5,No
1.99,29,0.85,0.2,0.17,0,0.2,0,5,0.2,1,0,0.2,0,2,0.2,0.4,0,0.2,0,2,1.57,0.4,0.5,No
1.99,9,1.19,0.4,0.476,0,0.2,0,5,0.2,1,29.76,0.6,17.856,2,0.2,0.4,0,0.2,0,2.6,19.732,0.4,0.5,Yes
1.99,32,1.23,0.4,0.492,0,0.2,0,5,0.2,1,0.11,0.2,0.022,2,0.2,0.4,0,0.2,0,2.2,1.914,0.4,0.5,No
1.99,32,1.12,0.4,0.448,0,0.2,0,5,0.2,1,0.05,0.2,0.01,2,0.2,0.4,0,0.2,0,2.2,1.858,0.4,0.5,No
1.99,16,1.53,0.4,0.612,0,0.2,0,5,0.2,1,0.03,0.2,0.006,4,0.2,0.8,0,0.2,0,2.4,2.418,0.8,0.5,No
1.99,16,0.77,0.2,0.154,0,0.2,0,5,0.2,1,0,0.2,0,4,0.2,0.8,0,0.2,0,2.2,1.954,0.8,0.5,No
1.99,16,0.56,0.2,0.112,0,0.2,0,5,0.2,1,0,0.2,0,4,0.2,0.8,0,0.2,0,2.2,1.912,0.8,0.5,No
1.99,16,1.82,0.4,0.728,0,0.2,0,5,0.2,1,85.13,0.6,51.078,4,0.2,0.8,0,0.2,0,2.8,53.606,0.8,0.5,Yes
1.99,16,0.44,0.2,0.088,0,0.2,0,5,0.2,1,0.04,0.2,0.008,4,0.2,0.8,0,0.2,0,2.2,1.896,0.8,0.5,No
1.99,15,1.46,0.4,0.584,0,0.2,0,5,0.2,1,0,0.2,0,2,0.2,0.4,0,0.2,0,2.2,1.984,0.4,0.5,No
1.99,15,1.12,0.4,0.448,0,0.2,0,5,0.2,1,10.98,0.6,6.588,2,0.2,0.4,0,0.2,0,2.6,8.436,0.4,0.5,Yes
1.99,13,1.56,0.4,0.624,0,0.2,0,5,0.2,1,0.1,0.2,0.02,2,0.2,0.4,0,0.2,0,2.2,2.044,0.4,0.5,No
1.99,13,0,0.2,0,0,0.2,0,5,0.2,1,0,0.2,0,2,0.2,0.4,0,0.2,0,2,1.4,0.4,0.5,No
1.99,18,0,0.2,0,0,0.2,0,5,0.2,1,0,0.2,0,2,0.2,0.4,0,0.2,0,2,1.4,0.4,0.5,No
1.85,2,11.24,0.6,6.744,9.49,0.6,5.694,5.5,0.4,2.2,173.02,0.6,103.812,2,0.2,0.4,0,0.2,0,4.4,118.85,0.4,0.5,Yes
1.85,6,3.7,0.6,2.22,0,0.2,0,5,0.2,1,0.12,0.2,0.024,2,0.2,0.4,0,0.2,0,2.4,3.644,0.4,0.5,No
1.85,6,8.53,0.6,5.118,0.16,0.2,0.032,5,0.2,1,0.52,0.2,0.104,2,0.4,0.8,0,0.2,0,2.6,7.054,0.8,0.5,Yes
1.85,6,0.47,0.2,0.094,1.59,0.4,0.636,5,0.2,1,1.24,0.2,0.248,2,0.2,0.4,0,0.2,0,2.6,2.378,0.4,0.5,No
1.85,8,0.95,0.2,0.19,1.33,0.4,0.532,5,0.2,1,0.07,0.2,0.014,4,0.2,0.8,0,0.2,0,2.8,2.536,0.8,0.5,Yes
1.85,8,13.15,0.6,7.89,1.63,0.4,0.652,5,0.2,1,1.19,0.2,0.238,4,0.2,0.8,0,0.2,0,3.2,10.58,0.8,0.5,Yes
1.85,8,3.17,0.6,1.902,0.44,0.2,0.088,5,0.2,1,0,0.2,0,4,0.2,0.8,0,0.2,0,2.6,3.79,0.8,0.5,Yes
1.85,8,7.02,0.6,4.212,1.77,0.4,0.708,5,0.2,1,0,0.2,0,4,0.2,0.8,0,0.2,0,3.2,6.72,0.8,0.5,Yes
1.85,16,0,0.2,0,0,0.2,0,5,0.2,1,0,0.2,0,2,0.2,0.4,0,0.2,0,2,1.4,0.4,0.5,No
1.85,8,0.95,0.2,0.19,0,0.2,0,5,0.2,1,0.13,0.2,0.026,4,0.4,1.6,0,0.2,0,2.4,2.816,1.6,0.5,Yes
1.85,8,0,0.2,0,0,0.2,0,5,0.2,1,10.53,0.6,6.318,4,0.2,0.8,0,0.2,0,2.6,8.118,0.8,0.5,Yes
1.85,16,9.19,0.6,5.514,4.2,0.6,2.52,5,0.2,1,0.52,0.2,0.104,2,0.2,0.4,0,0.2,0,3.6,9.538,0.4,0.5,Yes
1.85,19,9.14,0.6,5.484,1.22,0.4,0.488,5,0.2,1,0,0.2,0,6,0.2,1.2,0,0.2,0,3.4,8.172,1.2,0.5,Yes
1.85,6,0.26,0.2,0.052,0,0.2,0,5,0.2,1,0,0.2,0,2,0.2,0.4,0,0.2,0,2,1.452,0.4,0.5,No
1.85,31,3.05,0.6,1.83,0.05,0.2,0.01,5,0.2,1,0,0.2,0,2,0.2,0.4,0,0.2,0,2.4,3.24,0.4,0.5,No
1.85,4,0.56,0.2,0.112,72,0.6,43.2,5,0.2,1,0.51,0.2,0.102,2,0.2,0.4,0,0.2,0,3.2,44.814,0.4,0.5,Yes
1.85,4,2.96,0.6,1.776,0.15,0.2,0.03,5,0.2,1,0,0.2,0,2,0.2,0.4,0,0.2,0,2.4,3.206,0.4,0.5,No
1.85,31,2.48,0.6,1.488,0,0.2,0,5,0.2,1,0,0.2,0,2,0.2,0.4,0,0.2,0,2.4,2.888,0.4,0.5,No
1.85,14,9.94,0.6,5.964,0.44,0.2,0.088,5,0.2,1,0.15,0.2,0.03,2,0.2,0.4,0,0.2,0,2.4,7.482,0.4,0.5,Yes
1.85,14,5.13,0.6,3.078,0.09,0.2,0.018,5,0.2,1,0.01,0.2,0.002,2,0.2,0.4,0,0.2,0,2.4,4.498,0.4,0.5,No
1.85,43,2.49,0.6,1.494,0.29,0.2,0.058,5,0.2,1,0.49,0.2,0.098,2,0.2,0.4,0,0.2,0,2.4,3.05,0.4,0.5,No
1.85,5,7.22,0.6,4.332,0.28,0.2,0.056,5,0.2,1,0,0.2,0,2,0.2,0.4,0,0.2,0,2.4,5.788,0.4,0.5,Yes
1.85,5,0.71,0.2,0.142,0.66,0.2,0.132,5,0.2,1,0,0.2,0,2,0.2,0.4,0,0.2,0,2,1.674,0.4,0.5,No
1.85,19,19.21,0.6,11.526,2.47,0.6,1.482,5,0.2,1,0,0.2,0,6,0.2,1.2,0,0.2,0,4,15.208,1.2,0.5,Yes
1.85,19,0.18,0.2,0.036,0,0.2,0,5,0.2,1,0,0.2,0,6,0.4,2.4,0,0.2,0,2.6,3.436,2.4,0.5,Yes
1.85,19,5.9,0.6,3.54,0,0.2,0,5,0.2,1,0.74,0.2,0.148,6,0.4,2.4,0,0.2,0,3,7.088,2.4,0.5,Yes
1.85,19,4.04,0.6,2.424,0,0.2,0,5,0.2,1,0.79,0.2,0.158,6,0.2,1.2,0,0.2,0,2.8,4.782,1.2,0.5,Yes
1.85,19,2.81,0.6,1.686,0.11,0.2,0.022,5,0.2,1,19.45,0.6,11.67,6,0.2,1.2,0,0.2,0,3.2,15.578,1.2,0.5,Yes
1.85,19,5.87,0.6,3.522,0,0.2,0,5,0.2,1,0.44,0.2,0.088,6,0.2,1.2,0,0.2,0,2.8,5.81,1.2,0.5,Yes
1.85,19,1.75,0.4,0.7,0,0.2,0,5,0.2,1,0.35,0.2,0.07,6,0.2,1.2,0,0.2,0,2.6,2.97,1.2,0.5,Yes
1.85,19,2.05,0.6,1.23,0,0.2,0,5,0.2,1,3.53,0.2,0.706,6,0.2,1.2,0,0.2,0,2.8,4.136,1.2,0.5,Yes
1.85,19,0,0.2,0,0,0.2,0,5,0.2,1,0.04,0.2,0.008,6,0.4,2.4,0,0.2,0,2.6,3.408,2.4,0.5,Yes
1.85,16,3.67,0.6,2.202,0.18,0.2,0.036,5,0.2,1,0,0.2,0,2,0.2,0.4,0,0.2,0,2.4,3.638,0.4,0.5,No
1.85,9,0.64,0.2,0.128,0.95,0.2,0.19,5,0.2,1,0,0.2,0,2,0.2,0.4,1,0.4,0.4,2.2,2.118,0.8,0.5,No
1.85,9,7.37,0.6,4.422,1.64,0.4,0.656,5,0.2,1,0.08,0.2,0.016,2,0.2,0.4,0,0.2,0,3,6.494,0.4,0.5,Yes
1.85,9,10.79,0.6,6.474,0.67,0.2,0.134,5,0.2,1,0.04,0.2,0.008,2,0.2,0.4,0,0.2,0,2.4,8.016,0.4,0.5,Yes
1.85,11,10.02,0.6,6.012,0.95,0.2,0.19,5,0.2,1,0.43,0.2,0.086,2,0.2,0.4,0,0.2,0,2.4,7.688,0.4,0.5,Yes
1.85,11,0.44,0.2,0.088,0.62,0.2,0.124,5,0.2,1,0.64,0.2,0.128,2,0.2,0.4,0,0.2,0,2,1.74,0.4,0.5,No
1.85,12,2.89,0.6,1.734,0.11,0.2,0.022,5,0.2,1,0.04,0.2,0.008,2,0.2,0.4,0,0.2,0,2.4,3.164,0.4,0.5,No
1.85,12,0.6,0.2,0.12,1.14,0.4,0.456,5,0.2,1,0.43,0.2,0.086,2,0.2,0.4,0,0.2,0,2.6,2.062,0.4,0.5,No
1.85,8,0.79,0.2,0.158,1.01,0.4,0.404,5,0.2,1,0.57,0.2,0.114,2,0.2,0.4,0,0.2,0,2.6,2.076,0.4,0.5,No
1.85,8,3.26,0.6,1.956,0.36,0.2,0.072,5,0.2,1,0.02,0.2,0.004,2,0.2,0.4,0,0.2,0,2.4,3.432,0.4,0.5,No
1.85,8,8.94,0.6,5.364,1.32,0.4,0.528,5,0.2,1,0.02,0.2,0.004,2,0.2,0.4,0,0.2,0,3,7.296,0.4,0.5,Yes
1.85,27,4.6,0.6,2.76,1.17,0.4,0.468,5,0.2,1,0.04,0.2,0.008,2,0.2,0.4,0,0.2,0,3,4.636,0.4,0.5,No
1.85,29,7.01,0.6,4.206,1.12,0.4,0.448,5,0.2,1,0.1,0.2,0.02,2,0.2,0.4,0,0.2,0,3,6.074,0.4,0.5,Yes
1.85,29,1.04,0.4,0.416,0.91,0.2,0.182,5,0.2,1,0.37,0.2,0.074,2,0.2,0.4,0,0.2,0,2.2,2.072,0.4,0.5,No
1.85,9,2.81,0.6,1.686,0.41,0.2,0.082,5,0.2,1,0,0.2,0,2,0.2,0.4,0,0.2,0,2.4,3.168,0.4,0.5,No
1.85,9,0.7,0.2,0.14,0.6,0.2,0.12,5,0.2,1,0.51,0.2,0.102,2,0.2,0.4,0,0.2,0,2,1.762,0.4,0.5,No
1.85,32,0.78,0.2,0.156,0.97,0.2,0.194,5,0.2,1,0.97,0.2,0.194,2,0.2,0.4,0,0.2,0,2,1.944,0.4,0.5,No
1.85,32,7.09,0.6,4.254,1.95,0.4,0.78,5,0.2,1,0,0.2,0,2,0.2,0.4,0,0.2,0,3,6.434,0.4,0.5,Yes
1.85,32,1.39,0.4,0.556,1.1,0.4,0.44,5,0.2,1,0,0.2,0,2,0.2,0.4,0,0.2,0,2.8,2.396,0.4,0.5,No
1.85,8,2.46,0.6,1.476,0.37,0.2,0.074,5,0.2,1,0,0.2,0,2,0.2,0.4,0,0.2,0,2.4,2.95,0.4,0.5,No
1.85,4,2.48,0.6,1.488,0.1,0.2,0.02,5,0.2,1,0,0.2,0,2,0.2,0.4,0,0.2,0,2.4,2.908,0.4,0.5,No
1.85,15,1.28,0.4,0.512,1.75,0.4,0.7,5,0.2,1,0,0.2,0,2,0.2,0.4,0,0.2,0,2.8,2.612,0.4,0.5,No
1.85,15,3.83,0.6,2.298,0.28,0.2,0.056,5,0.2,1,0,0.2,0,2,0.2,0.4,0,0.2,0,2.4,3.754,0.4,0.5,No
1.85,15,3.74,0.6,2.244,0.55,0.2,0.11,5,0.2,1,0,0.2,0,2,0.2,0.4,0,0.2,0,2.4,3.754,0.4,0.5,No
1.85,15,11.44,0.6,6.864,1.41,0.4,0.564,5,0.2,1,0.04,0.2,0.008,2,0.2,0.4,0,0.2,0,3,8.836,0.4,0.5,Yes
1.85,13,4.99,0.6,2.994,0.64,0.2,0.128,5,0.2,1,0,0.2,0,2,0.2,0.4,0,0.2,0,2.4,4.522,0.4,0.5,No
1.85,13,8.25,0.6,4.95,1.59,0.4,0.636,5,0.2,1,0.02,0.2,0.004,2,0.2,0.4,0,0.2,0,3,6.99,0.4,0.5,Yes
1.85,13,0.25,0.2,0.05,1.8,0.4,0.72,5,0.2,1,0.74,0.2,0.148,2,0.2,0.4,0,0.2,0,2.6,2.318,0.4,0.5,No
1.85,18,7.2,0.6,4.32,0.43,0.2,0.086,5,0.2,1,0.01,0.2,0.002,2,0.2,0.4,0,0.2,0,2.4,5.808,0.4,0.5,Yes
1.85,18,0.73,0.2,0.146,1.24,0.4,0.496,5,0.2,1,0.2,0.2,0.04,2,0.2,0.4,0,0.2,0,2.6,2.082,0.4,0.5,No
1.85,43,5.2,0.6,3.12,0,0.2,0,5,0.2,1,0,0.2,0,2,0.2,0.4,0,0.2,0,2.4,4.52,0.4,0.5,No
1.85,19,1.16,0.4,0.464,0,0.2,0,5,0.2,1,0.11,0.2,0.022,6,0.2,1.2,0,0.2,0,2.6,2.686,1.2,0.5,Yes
1.85,19,0,0.2,0,0,0.2,0,5,0.2,1,0.19,0.2,0.038,6,0.2,1.2,0,0.2,0,2.4,2.238,1.2,0.5,Yes
1.85,6,0.65,0.2,0.13,0.03,0.2,0.006,5,0.2,1,0.14,0.2,0.028,2,0.2,0.4,0,0.2,0,2,1.564,0.4,0.5,No
1.85,6,0.79,0.2,0.158,0,0.2,0,5,0.2,1,3.54,0.2,0.708,2,0.2,0.4,0,0.2,0,2,2.266,0.4,0.5,No
1.85,19,3.28,0.6,1.968,0.25,0.2,0.05,5,0.2,1,0.04,0.2,0.008,6,0.2,1.2,0,0.2,0,2.8,4.226,1.2,0.5,Yes
1.85,19,0.9,0.2,0.18,0,0.2,0,5,0.2,1,0.13,0.2,0.026,6,0.2,1.2,0,0.2,0,2.4,2.406,1.2,0.5,Yes
1.85,9,5,0.6,3,0.54,0.2,0.108,5,0.2,1,0,0.2,0,2,0.2,0.4,0,0.2,0,2.4,4.508,0.4,0.5,No
1.85,9,7.07,0.6,4.242,0.72,0.2,0.144,5,0.2,1,0,0.2,0,2,0.2,0.4,0,0.2,0,2.4,5.786,0.4,0.5,Yes
1.85,14,1.08,0.4,0.432,1.98,0.4,0.792,5,0.2,1,3.92,0.2,0.784,2,0.2,0.4,0,0.2,0,2.8,3.408,0.4,0.5,No
1.85,13,3.46,0.6,2.076,0.09,0.2,0.018,5,0.2,1,0.06,0.2,0.012,2,0.2,0.4,0,0.2,0,2.4,3.506,0.4,0.5,No
1.85,22,0.6,0.2,0.12,1.08,0.4,0.432,5,0.2,1,0.33,0.2,0.066,2,0.2,0.4,0,0.2,0,2.6,2.018,0.4,0.5,No
1.85,22,3.92,0.6,2.352,1.08,0.4,0.432,5,0.2,1,0,0.2,0,2,0.2,0.4,0,0.2,0,3,4.184,0.4,0.5,No
1.85,22,7.84,0.6,4.704,2.81,0.6,1.686,5,0.2,1,0,0.2,0,2,0.4,0.8,0,0.2,0,3.8,8.19,0.8,0.5,Yes
1.85,8,0.99,0.2,0.198,0,0.2,0,5,0.2,1,0,0.2,0,4,0.2,0.8,0,0.2,0,2.2,1.998,0.8,0.5,No
1.85,2,0.17,0.2,0.034,0.11,0.2,0.022,5,0.2,1,0,0.2,0,2,0.2,0.4,0,0.2,0,2,1.456,0.4,0.5,No
1.85,19,45.23,0.6,27.138,36.18,0.6,21.708,5,0.2,1,0,0.2,0,6,0.2,1.2,0,0.2,0,4,51.046,1.2,0.5,Yes
1.85,11,1.69,0.4,0.676,0.21,0.2,0.042,5,0.2,1,0,0.2,0,2,0.2,0.4,0,0.2,0,2.2,2.118,0.4,0.5,No
1.85,43,0.18,0.2,0.036,0.63,0.2,0.126,5,0.2,1,0,0.2,0,2,0.2,0.4,0,0.2,0,2,1.562,0.4,0.5,No
1.85,31,0.01,0.2,0.002,0.91,0.2,0.182,5,0.2,1,0,0.2,0,2,0.2,0.4,0,0.2,0,2,1.584,0.4,0.5,No
1.85,16,0.88,0.2,0.176,1.5,0.4,0.6,5,0.2,1,0.19,0.2,0.038,2,0.2,0.4,0,0.2,0,2.6,2.214,0.4,0.5,No
1.85,2,1.17,0.4,0.468,0.15,0.2,0.03,5,0.2,1,0,0.2,0,2,0.2,0.4,0,0.2,0,2.2,1.898,0.4,0.5,No
1.85,8,0,0.2,0,0,0.2,0,5,0.2,1,0,0.2,0,4,0.2,0.8,0,0.2,0,2.2,1.8,0.8,0.5,No
1.85,16,0,0.2,0,0,0.2,0,5,0.2,1,0,0.2,0,2,0.2,0.4,0,0.2,0,2,1.4,0.4,0.5,No
1.85,8,0,0.2,0,0,0.2,0,5,0.2,1,0.2,0.2,0.04,4,0.2,0.8,0,0.2,0,2.2,1.84,0.8,0.5,No
1.85,6,0,0.2,0,0,0.2,0,5,0.2,1,0,0.2,0,2,0.2,0.4,0,0.2,0,2,1.4,0.4,0.5,No
1.85,19,0,0.2,0,0,0.2,0,5,0.2,1,0,0.2,0,6,0.2,1.2,0,0.2,0,2.4,2.2,1.2,0.5,Yes
1.85,19,0.99,0.2,0.198,0.11,0.2,0.022,5,0.2,1,0,0.2,0,6,0.2,1.2,0,0.2,0,2.4,2.42,1.2,0.5,Yes
1.85,8,0.21,0.2,0.042,0,0.2,0,5,0.2,1,0,0.2,0,2,0.2,0.4,0,0.2,0,2,1.442,0.4,0.5,No
1.85,14,2.2,0.6,1.32,0.28,0.2,0.056,5,0.2,1,0,0.2,0,2,0.2,0.4,0,0.2,0,2.4,2.776,0.4,0.5,No
1.85,2,3.31,0.6,1.986,0.17,0.2,0.034,5,0.2,1,0,0.2,0,2,0.2,0.4,0,0.2,0,2.4,3.42,0.4,0.5,No
1.85,4,2.43,0.6,1.458,0.27,0.2,0.054,5,0.2,1,0,0.2,0,2,0.2,0.4,0,0.2,0,2.4,2.912,0.4,0.5,No
1.85,12,13.91,0.6,8.346,0.5,0.2,0.1,5,0.2,1,0.19,0.2,0.038,2,0.2,0.4,0,0.2,0,2.4,9.884,0.4,0.5,Yes
2.36,1,1.71,0.4,0.684,0,0.2,0,6.5,0.6,3.9,88.4,0.6,53.04,6,0.4,2.4,4,0.6,2.4,4.4,62.424,4.8,0.5,Yes
2.37,1,1.13,0.4,0.452,3.85,0.6,2.31,6.5,0.6,3.9,20.89,0.6,12.534,6,0.2,1.2,0,0.2,0,5,20.396,1.2,0.5,Yes
2.37,2,17.53,0.6,10.518,0,0.2,0,6.5,0.6,3.9,94.75,0.6,56.85,6,0.2,1.2,4,0.6,2.4,4.4,74.868,3.6,0.5,Yes
2.37,4,0.56,0.2,0.112,0.7,0.2,0.14,5,0.2,1,0,0.2,0,6,0.2,1.2,0,0.2,0,2.4,2.452,1.2,0.5,Yes
2.37,8,0.56,0.2,0.112,0.08,0.2,0.016,5,0.2,1,0.05,0.2,0.01,6,0.2,1.2,0,0.2,0,2.4,2.338,1.2,0.5,Yes
2.34,2,3.95,0.6,2.37,0,0.2,0,5.5,0.4,2.2,83.96,0.6,50.376,6,0.2,1.2,1,0.4,0.4,3.8,56.546,1.6,0.5,Yes
2.34,4,0,0.2,0,0,0.2,0,5,0.2,1,0,0.2,0,2,0.2,0.4,0,0.2,0,2,1.4,0.4,0.5,No
2.34,5,0,0.2,0,0,0.2,0,5,0.2,1,0,0.2,0,2,0.2,0.4,0,0.2,0,2,1.4,0.4,0.5,No
2.34,2,0,0.2,0,0,0.2,0,5,0.2,1,0,0.2,0,2,0.2,0.4,0,0.2,0,2,1.4,0.4,0.5,No
2.34,19,0,0.2,0,0,0.2,0,5,0.2,1,0,0.2,0,2,0.2,0.4,0,0.2,0,2,1.4,0.4,0.5,No
15.56,2,20.65,0.6,12.39,0,0.2,0,6,0.6,3.6,397.31,0.6,238.386,6,0.2,1.2,1,0.4,0.4,4.2,255.976,1.6,0.5,Yes
15.56,1,3.73,0.6,2.238,2.82,0.6,1.692,6,0.6,3.6,160.41,0.6,96.246,6,0.2,1.2,0,0.2,0,5.2,104.976,1.2,0.5,Yes
15.56,19,0,0.2,0,0,0.2,0,5,0.2,1,23.97,0.6,14.382,6,0.2,1.2,0,0.2,0,2.8,16.582,1.2,0.5,Yes
17.68,1,2.52,0.6,1.512,20.28,0.6,12.168,5,0.2,1,70.56,0.6,42.336,6,0.2,1.2,0,0.2,0,4.4,58.216,1.2,0.5,Yes
21.61,2,3.14,0.6,1.884,5.68,0.6,3.408,5.5,0.4,2.2,11.33,0.6,6.798,4,0.2,0.8,0,0.2,0,4.6,15.09,0.8,0.5,Yes
21.61,6,0.88,0.2,0.176,1.07,0.4,0.428,5,0.2,1,0.76,0.2,0.152,2,0.2,0.4,0,0.2,0,2.6,2.156,0.4,0.5,No
21.61,8,0.8,0.2,0.16,0.82,0.2,0.164,5,0.2,1,1.32,0.2,0.264,2,0.2,0.4,0,0.2,0,2,1.988,0.4,0.5,No
21.61,4,0.7,0.2,0.14,0.72,0.2,0.144,5,0.2,1,0,0.2,0,2,0.2,0.4,0,0.2,0,2,1.684,0.4,0.5,No
21.61,5,0,0.2,0,0.39,0.2,0.078,5,0.2,1,0.24,0.2,0.048,2,0.2,0.4,0,0.2,0,2,1.526,0.4,0.5,No
21.61,5,0.33,0.2,0.066,0,0.2,0,5,0.2,1,0,0.2,0,2,0.2,0.4,0,0.2,0,2,1.466,0.4,0.5,No
21.61,5,0.28,0.2,0.056,0.16,0.2,0.032,5,0.2,1,0,0.2,0,2,0.2,0.4,0,0.2,0,2,1.488,0.4,0.5,No
21.61,14,0.19,0.2,0.038,0.27,0.2,0.054,5,0.2,1,0.65,0.2,0.13,2,0.2,0.4,0,0.2,0,2,1.622,0.4,0.5,No
21.61,19,0.53,0.2,0.106,0.62,0.2,0.124,5,0.2,1,0.01,0.2,0.002,2,0.2,0.4,0,0.2,0,2,1.632,0.4,0.5,No
21.61,19,0.46,0.2,0.092,0.88,0.2,0.176,5,0.2,1,0.58,0.2,0.116,2,0.2,0.4,0,0.2,0,2,1.784,0.4,0.5,No
21.61,19,0.31,0.2,0.062,0.28,0.2,0.056,5,0.2,1,0,0.2,0,2,0.2,0.4,0,0.2,0,2,1.518,0.4,0.5,No
21.61,9,85,0.6,51,1.06,0.4,0.424,5,0.2,1,0,0.2,0,6,0.2,1.2,0,0.2,0,3.4,53.624,1.2,0.5,Yes
21.61,11,0.75,0.2,0.15,0.9,0.2,0.18,5,0.2,1,1.4,0.2,0.28,2,0.2,0.4,0,0.2,0,2,2.01,0.4,0.5,No
21.61,12,0.85,0.2,0.17,0.93,0.2,0.186,5,0.2,1,0,0.2,0,2,0.2,0.4,0,0.2,0,2,1.756,0.4,0.5,No
21.61,8,0.34,0.2,0.068,0.36,0.2,0.072,5,0.2,1,0.03,0.2,0.006,2,0.2,0.4,0,0.2,0,2,1.546,0.4,0.5,No
21.61,8,0.66,0.2,0.132,0.81,0.2,0.162,5,0.2,1,0.03,0.2,0.006,2,0.2,0.4,0,0.2,0,2,1.7,0.4,0.5,No
21.61,9,0.59,0.2,0.118,0.69,0.2,0.138,5,0.2,1,0,0.2,0,2,0.2,0.4,0,0.2,0,2,1.656,0.4,0.5,No
21.61,32,0.61,0.2,0.122,0.63,0.2,0.126,5,0.2,1,0,0.2,0,2,0.2,0.4,0,0.2,0,2,1.648,0.4,0.5,No
21.61,16,0.72,0.2,0.144,0.8,0.2,0.16,5,0.2,1,0.02,0.2,0.004,2,0.2,0.4,0,0.2,0,2,1.708,0.4,0.5,No
21.61,16,0.37,0.2,0.074,0.1,0.2,0.02,5,0.2,1,0,0.2,0,2,0.2,0.4,0,0.2,0,2,1.494,0.4,0.5,No
21.61,16,0.62,0.2,0.124,0.71,0.2,0.142,5,0.2,1,0.08,0.2,0.016,2,0.2,0.4,0,0.2,0,2,1.682,0.4,0.5,No
21.61,15,0.98,0.2,0.196,1.14,0.4,0.456,5,0.2,1,0,0.2,0,2,0.2,0.4,0,0.2,0,2.6,2.052,0.4,0.5,No
21.61,13,0.32,0.2,0.064,0,0.2,0,5,0.2,1,0,0.2,0,2,0.2,0.4,0,0.2,0,2,1.464,0.4,0.5,No
21.61,13,0.56,0.2,0.112,0.63,0.2,0.126,5,0.2,1,0.09,0.2,0.018,2,0.2,0.4,0,0.2,0,2,1.656,0.4,0.5,No
21.61,18,0.54,0.2,0.108,0.56,0.2,0.112,5,0.2,1,0.8,0.2,0.16,2,0.2,0.4,0,0.2,0,2,1.78,0.4,0.5,No
21.61,29,0.63,0.2,0.126,0.69,0.2,0.138,5,0.2,1,0.32,0.2,0.064,2,0.2,0.4,0,0.2,0,2,1.728,0.4,0.5,No
21.61,22,0.37,0.2,0.074,0.46,0.2,0.092,5,0.2,1,0,0.2,0,2,0.2,0.4,0,0.2,0,2,1.566,0.4,0.5,No
21.61,14,0,0.2,0,0,0.2,0,5,0.2,1,0,0.2,0,2,0.2,0.4,0,0.2,0,2,1.4,0.4,0.5,No
21.61,8,0.29,0.2,0.058,0.33,0.2,0.066,5,0.2,1,0,0.2,0,2,0.2,0.4,0,0.2,0,2,1.524,0.4,0.5,No
21.61,4,0.67,0.2,0.134,0.76,0.2,0.152,5,0.2,1,0,0.2,0,2,0.2,0.4,0,0.2,0,2,1.686,0.4,0.5,No
21.61,19,0.43,0.2,0.086,0,0.2,0,5,0.2,1,0,0.2,0,2,0.2,0.4,0,0.2,0,2,1.486,0.4,0.5,No
21.61,2,0.67,0.2,0.134,0.75,0.2,0.15,5,0.2,1,0.39,0.2,0.078,2,0.2,0.4,0,0.2,0,2,1.762,0.4,0.5,No
21.61,5,0.84,0.2,0.168,1.09,0.4,0.436,5,0.2,1,0,0.2,0,2,0.2,0.4,0,0.2,0,2.6,2.004,0.4,0.5,No
21.61,43,0.52,0.2,0.104,0.68,0.2,0.136,5,0.2,1,0,0.2,0,2,0.2,0.4,0,0.2,0,2,1.64,0.4,0.5,No
21.61,8,0.38,0.2,0.076,0.48,0.2,0.096,5,0.2,1,0.33,0.2,0.066,2,0.2,0.4,0,0.2,0,2,1.638,0.4,0.5,No
21.61,12,0.19,0.2,0.038,0.23,0.2,0.046,5,0.2,1,0,0.2,0,2,0.2,0.4,0,0.2,0,2,1.484,0.4,0.5,No
21.61,16,0.27,0.2,0.054,0.35,0.2,0.07,5,0.2,1,0,0.2,0,2,0.2,0.4,0,0.2,0,2,1.524,0.4,0.5,No
21.61,32,0.34,0.2,0.068,0.27,0.2,0.054,5,0.2,1,0,0.2,0,2,0.2,0.4,0,0.2,0,2,1.522,0.4,0.5,No
21.61,22,0.02,0.2,0.004,0.66,0.2,0.132,5,0.2,1,0,0.2,0,2,0.2,0.4,0,0.2,0,2,1.536,0.4,0.5,No
21.61,31,0,0.2,0,0,0.2,0,5,0.2,1,0.03,0.2,0.006,2,0.2,0.4,0,0.2,0,2,1.406,0.4,0.5,No
21.61,4,0,0.2,0,0,0.2,0,5,0.2,1,0,0.2,0,2,0.2,0.4,0,0.2,0,2,1.4,0.4,0.5,No
59.85,1,1.94,0.4,0.776,6.69,0.6,4.014,5.5,0.4,2.2,13.3,0.6,7.98,6,0.2,1.2,1,0.4,0.4,4.8,16.57,1.6,0.5,Yes
59.85,8,0,0.2,0,0,0.2,0,5,0.2,1,0.29,0.2,0.058,2,0.2,0.4,0,0.2,0,2,1.458,0.4,0.5,No
59.85,39,0,0.2,0,0,0.2,0,5,0.2,1,3.3,0.2,0.66,2,0.2,0.4,0,0.2,0,2,2.06,0.4,0.5,No
59.85,4,0.27,0.2,0.054,0,0.2,0,5,0.2,1,16.09,0.6,9.654,2,0.2,0.4,0,0.2,0,2.4,11.108,0.4,0.5,Yes
59.85,5,0,0.2,0,0,0.2,0,5,0.2,1,1.44,0.2,0.288,2,0.2,0.4,0,0.2,0,2,1.688,0.4,0.5,No
59.85,19,0.03,0.2,0.006,0,0.2,0,5,0.2,1,1.66,0.2,0.332,2,0.2,0.4,0,0.2,0,2,1.738,0.4,0.5,No
59.85,9,0,0.2,0,0,0.2,0,5,0.2,1,0.19,0.2,0.038,2,0.2,0.4,0,0.2,0,2,1.438,0.4,0.5,No
59.85,11,0,0.2,0,0,0.2,0,5,0.2,1,0.7,0.2,0.14,2,0.2,0.4,0,0.2,0,2,1.54,0.4,0.5,No
59.85,12,0.05,0.2,0.01,0,0.2,0,5,0.2,1,0.63,0.2,0.126,2,0.2,0.4,0,0.2,0,2,1.536,0.4,0.5,No
59.85,8,0,0.2,0,0,0.2,0,5,0.2,1,0.93,0.2,0.186,2,0.2,0.4,0,0.2,0,2,1.586,0.4,0.5,No
59.85,29,0.03,0.2,0.006,0,0.2,0,5,0.2,1,1.22,0.2,0.244,2,0.2,0.4,0,0.2,0,2,1.65,0.4,0.5,No
59.85,2,0,0.2,0,0,0.2,0,5,0.2,1,1.2,0.2,0.24,2,0.4,0.8,0,0.2,0,2.2,2.04,0.8,0.5,No
59.85,9,0.01,0.2,0.002,0.11,0.2,0.022,5,0.2,1,1.03,0.2,0.206,2,0.2,0.4,0,0.2,0,2,1.63,0.4,0.5,No
59.85,32,0,0.2,0,0,0.2,0,5,0.2,1,2.86,0.2,0.572,2,0.2,0.4,0,0.2,0,2,1.972,0.4,0.5,No
59.85,16,0.03,0.2,0.006,0,0.2,0,5,0.2,1,1.55,0.2,0.31,2,0.2,0.4,0,0.2,0,2,1.716,0.4,0.5,No
59.85,15,0,0.2,0,0,0.2,0,5,0.2,1,2.39,0.2,0.478,2,0.2,0.4,0,0.2,0,2,1.878,0.4,0.5,No
59.85,13,0.07,0.2,0.014,0,0.2,0,5,0.2,1,10.4,0.6,6.24,2,0.2,0.4,0,0.2,0,2.4,7.654,0.4,0.5,Yes
59.85,18,0,0.2,0,0,0.2,0,5,0.2,1,1.3,0.2,0.26,4,0.2,0.8,0,0.2,0,2.2,2.06,0.8,0.5,No
59.85,4,0.31,0.2,0.062,0,0.2,0,5,0.2,1,0,0.2,0,2,0.2,0.4,0,0.2,0,2,1.462,0.4,0.5,No
59.85,4,0.15,0.2,0.03,0,0.2,0,5,0.2,1,0.05,0.2,0.01,2,0.2,0.4,0,0.2,0,2,1.44,0.4,0.5,No
59.85,4,0,0.2,0,0,0.2,0,5,0.2,1,0,0.2,0,2,0.2,0.4,0,0.2,0,2,1.4,0.4,0.5,No
59.85,4,0.01,0.2,0.002,0,0.2,0,5,0.2,1,0.6,0.2,0.12,2,0.2,0.4,0,0.2,0,2,1.522,0.4,0.5,No
59.85,5,0.15,0.2,0.03,0,0.2,0,5,0.2,1,0,0.2,0,2,0.2,0.4,0,0.2,0,2,1.43,0.4,0.5,No
59.85,19,0.2,0.2,0.04,0.28,0.2,0.056,5,0.2,1,0,0.2,0,2,0.2,0.4,0,0.2,0,2,1.496,0.4,0.5,No
59.85,9,0.06,0.2,0.012,0,0.2,0,5,0.2,1,0,0.2,0,2,0.2,0.4,0,0.2,0,2,1.412,0.4,0.5,No
59.85,9,0.3,0.2,0.06,0,0.2,0,5,0.2,1,0,0.2,0,2,0.2,0.4,0,0.2,0,2,1.46,0.4,0.5,No
59.85,9,0,0.2,0,0,0.2,0,5,0.2,1,0,0.2,0,2,0.2,0.4,0,0.2,0,2,1.4,0.4,0.5,No
59.85,32,0,0.2,0,0,0.2,0,5,0.2,1,0,0.2,0,2,0.2,0.4,0,0.2,0,2,1.4,0.4,0.5,No
59.85,7,0.29,0.2,0.058,0,0.2,0,5,0.2,1,0.04,0.2,0.008,2,0.2,0.4,0,0.2,0,2,1.466,0.4,0.5,No
59.85,13,0.48,0.2,0.096,0,0.2,0,5,0.2,1,0,0.2,0,2,0.2,0.4,0,0.2,0,2,1.496,0.4,0.5,No
59.85,21,0.39,0.2,0.078,0.39,0.2,0.078,5,0.2,1,0.17,0.2,0.034,4,0.2,0.8,0,0.2,0,2.2,1.99,0.8,0.5,No
59.85,21,0.21,0.2,0.042,0,0.2,0,5,0.2,1,0.33,0.2,0.066,4,0.2,0.8,0,0.2,0,2.2,1.908,0.8,0.5,No
59.85,1,0,0.2,0,0,0.2,0,5,0.2,1,0,0.2,0,2,0.2,0.4,0,0.2,0,2,1.4,0.4,0.5,No
59.85,21,0.42,0.2,0.084,0,0.2,0,5,0.2,1,0,0.2,0,4,0.2,0.8,0,0.2,0,2.2,1.884,0.8,0.5,No
59.85,28,0.04,0.2,0.008,0,0.2,0,5,0.2,1,0.22,0.2,0.044,2,0.2,0.4,0,0.2,0,2,1.452,0.4,0.5,No
59.85,14,0,0.2,0,0.22,0.2,0.044,5,0.2,1,0,0.2,0,2,0.2,0.4,0,0.2,0,2,1.444,0.4,0.5,No
59.85,43,0,0.2,0,0,0.2,0,5,0.2,1,0,0.2,0,2,0.2,0.4,0,0.2,0,2,1.4,0.4,0.5,No
55.57,32,0.29,0.2,0.058,0.39,0.2,0.078,5.5,0.4,2.2,0.05,0.2,0.01,2,0.2,0.4,0,0.2,0,2.4,2.746,0.4,0.5,No
55.57,9,0,0.2,0,1.96,0.4,0.784,5,0.2,1,0.4,0.2,0.08,2,0.2,0.4,0,0.2,0,2.6,2.264,0.4,0.5,No
55.57,6,2.24,0.6,1.344,7.26,0.6,4.356,5,0.2,1,0.24,0.2,0.048,2,0.2,0.4,0,0.2,0,3.6,7.148,0.4,0.5,Yes
55.57,6,0.62,0.2,0.124,0.42,0.2,0.084,5,0.2,1,0,0.2,0,2,0.2,0.4,0,0.2,0,2,1.608,0.4,0.5,No
55.57,8,1.7,0.4,0.68,5.91,0.6,3.546,5,0.2,1,3.68,0.2,0.736,4,0.2,0.8,0,0.2,0,3.6,6.762,0.8,0.5,Yes
55.57,8,0.95,0.2,0.19,0.72,0.2,0.144,5,0.2,1,0,0.2,0,4,0.2,0.8,0,0.2,0,2.2,2.134,0.8,0.5,No
55.57,2,0,0.2,0,0,0.2,0,5.5,0.4,2.2,85.05,0.6,51.03,6,0.2,1.2,0,0.2,0,3.2,54.43,1.2,0.5,Yes
55.57,2,2.59,0.6,1.554,111.9,0.6,67.14,5,0.2,1,8.47,0.4,3.388,6,0.2,1.2,0,0.2,0,4.2,74.282,1.2,0.5,Yes
55.57,2,6.48,0.6,3.888,43.08,0.6,25.848,5,0.2,1,253.12,0.6,151.872,6,0.2,1.2,2,0.6,1.2,4.8,185.008,2.4,0.5,Yes
55.57,4,1.2,0.4,0.48,0.54,0.2,0.108,5,0.2,1,0.45,0.2,0.09,2,0.2,0.4,0,0.2,0,2.2,2.078,0.4,0.5,No
55.57,4,0.26,0.2,0.052,0.21,0.2,0.042,5,0.2,1,0.05,0.2,0.01,2,0.2,0.4,0,0.2,0,2,1.504,0.4,0.5,No
55.57,5,0.7,0.2,0.14,0.19,0.2,0.038,5,0.2,1,0,0.2,0,2,0.2,0.4,0,0.2,0,2,1.578,0.4,0.5,No
55.57,5,1.59,0.4,0.636,0.13,0.2,0.026,5,0.2,1,0.11,0.2,0.022,2,0.2,0.4,0,0.2,0,2.2,2.084,0.4,0.5,No
55.57,19,0,0.2,0,0,0.2,0,5,0.2,1,0.02,0.2,0.004,2,0.2,0.4,0,0.2,0,2,1.404,0.4,0.5,No
55.57,19,3.14,0.6,1.884,4.97,0.6,2.982,5,0.2,1,6.41,0.4,2.564,2,0.2,0.4,1,0.4,0.4,4,9.23,0.8,0.5,Yes
55.57,20,0.68,0.2,0.136,1.47,0.4,0.588,5,0.2,1,0,0.2,0,2,0.2,0.4,0,0.2,0,2.6,2.124,0.4,0.5,No
55.57,9,0.67,0.2,0.134,1.71,0.4,0.684,5,0.2,1,0,0.2,0,2,0.2,0.4,0,0.2,0,2.6,2.218,0.4,0.5,No
55.57,9,2.54,0.6,1.524,5.52,0.6,3.312,5,0.2,1,0.49,0.2,0.098,2,0.2,0.4,0,0.2,0,3.6,6.334,0.4,0.5,Yes
55.57,11,1.84,0.4,0.736,4.25,0.6,2.55,5,0.2,1,0.82,0.2,0.164,2,0.2,0.4,0,0.2,0,3.4,4.85,0.4,0.5,No
55.57,8,0,0.2,0,0,0.2,0,5,0.2,1,0,0.2,0,2,0.2,0.4,0,0.2,0,2,1.4,0.4,0.5,No
55.57,12,3.1,0.6,1.86,4.66,0.6,2.796,5,0.2,1,0.59,0.2,0.118,2,0.2,0.4,0,0.2,0,3.6,6.174,0.4,0.5,Yes
55.57,12,0.79,0.2,0.158,0.46,0.2,0.092,5,0.2,1,0.28,0.2,0.056,2,0.2,0.4,0,0.2,0,2,1.706,0.4,0.5,No
55.57,12,0.38,0.2,0.076,0.09,0.2,0.018,5,0.2,1,0,0.2,0,2,0.2,0.4,0,0.2,0,2,1.494,0.4,0.5,No
55.57,8,2.41,0.6,1.446,4.69,0.6,2.814,5,0.2,1,0.25,0.2,0.05,2,0.2,0.4,0,0.2,0,3.6,5.71,0.4,0.5,Yes
55.57,8,0,0.2,0,0,0.2,0,5,0.2,1,0,0.2,0,2,0.2,0.4,0,0.2,0,2,1.4,0.4,0.5,No
55.57,29,1.26,0.4,0.504,1.58,0.4,0.632,5,0.2,1,6.5,0.4,2.6,2,0.2,0.4,0,0.2,0,3,5.136,0.4,0.5,Yes
55.57,29,0.6,0.2,0.12,0.46,0.2,0.092,5,0.2,1,0,0.2,0,2,0.2,0.4,0,0.2,0,2,1.612,0.4,0.5,No
55.57,2,1.24,0.4,0.496,2.27,0.6,1.362,5,0.2,1,0,0.2,0,6,0.2,1.2,0,0.2,0,3.8,4.058,1.2,0.5,Yes
55.57,1,0,0.2,0,0,0.2,0,5,0.2,1,0,0.2,0,6,0.2,1.2,0,0.2,0,2.4,2.2,1.2,0.5,Yes
55.57,44,0.0006,0.2,0.00012,1.11,0.4,0.444,5,0.2,1,0,0.2,0,6,0.2,1.2,0,0.2,0,3,2.64412,1.2,0.5,Yes
55.57,9,1.49,0.4,0.596,2.34,0.6,1.404,5,0.2,1,0.25,0.2,0.05,2,0.2,0.4,0,0.2,0,3.4,3.45,0.4,0.5,No
55.57,32,1.27,0.4,0.508,2,0.6,1.2,5,0.2,1,0.18,0.2,0.036,2,0.2,0.4,0,0.2,0,3.4,3.144,0.4,0.5,No
55.57,16,2.42,0.6,1.452,3.53,0.6,2.118,5,0.2,1,6.31,0.4,2.524,2,0.2,0.4,0,0.2,0,3.8,7.494,0.4,0.5,Yes
55.57,15,0.69,0.2,0.138,0.81,0.2,0.162,5,0.2,1,0,0.2,0,2,0.2,0.4,0,0.2,0,2,1.7,0.4,0.5,No
55.57,15,1.85,0.4,0.74,4.16,0.6,2.496,5,0.2,1,0.51,0.2,0.102,2,0.2,0.4,0,0.2,0,3.4,4.738,0.4,0.5,No
55.57,15,1.85,0.4,0.74,4.16,0.6,2.496,5,0.2,1,1.65,0.2,0.33,2,0.2,0.4,0,0.2,0,3.4,4.966,0.4,0.5,No
55.57,13,2.45,0.6,1.47,5.47,0.6,3.282,5,0.2,1,5.61,0.4,2.244,2,0.2,0.4,0,0.2,0,3.8,8.396,0.4,0.5,Yes
55.57,13,0.54,0.2,0.108,0.67,0.2,0.134,5,0.2,1,0,0.2,0,2,0.2,0.4,0,0.2,0,2,1.642,0.4,0.5,No
55.57,22,0,0.2,0,0,0.2,0,5,0.2,1,0,0.2,0,2,0.2,0.4,0,0.2,0,2,1.4,0.4,0.5,No
55.57,18,1.45,0.4,0.58,5.79,0.6,3.474,5,0.2,1,0.69,0.2,0.138,2,0.2,0.4,0,0.2,0,3.4,5.592,0.4,0.5,Yes
55.57,6,0.84,0.2,0.168,0,0.2,0,5,0.2,1,0,0.2,0,2,0.2,0.4,0,0.2,0,2,1.568,0.4,0.5,No
55.57,6,0,0.2,0,0,0.2,0,5,0.2,1,0,0.2,0,2,0.2,0.4,0,0.2,0,2,1.4,0.4,0.5,No
55.57,6,0.11,0.2,0.022,0,0.2,0,5,0.2,1,0,0.2,0,2,0.2,0.4,0,0.2,0,2,1.422,0.4,0.5,No
55.57,16,0.49,0.2,0.098,0,0.2,0,5,0.2,1,0,0.2,0,2,0.2,0.4,0,0.2,0,2,1.498,0.4,0.5,No
55.57,6,0.41,0.2,0.082,0,0.2,0,5,0.2,1,0,0.2,0,2,0.2,0.4,0,0.2,0,2,1.482,0.4,0.5,No
55.57,25,0.56,0.2,0.112,0,0.2,0,5,0.2,1,0,0.2,0,2,0.2,0.4,0,0.2,0,2,1.512,0.4,0.5,No
55.57,6,0.87,0.2,0.174,0,0.2,0,5,0.2,1,0.1,0.2,0.02,2,0.2,0.4,0,0.2,0,2,1.594,0.4,0.5,No
55.57,25,0.5,0.2,0.1,0,0.2,0,5,0.2,1,0,0.2,0,2,0.2,0.4,0,0.2,0,2,1.5,0.4,0.5,No
55.57,6,0,0.2,0,0,0.2,0,5,0.2,1,0.02,0.2,0.004,2,0.2,0.4,0,0.2,0,2,1.404,0.4,0.5,No
55.57,6,0.38,0.2,0.076,0.49,0.2,0.098,5,0.2,1,0,0.2,0,2,0.2,0.4,0,0.2,0,2,1.574,0.4,0.5,No
55.57,6,0,0.2,0,0.03,0.2,0.006,5,0.2,1,0,0.2,0,2,0.2,0.4,0,0.2,0,2,1.406,0.4,0.5,No
55.57,37,0.17,0.2,0.034,0,0.2,0,5,0.2,1,0,0.2,0,2,0.2,0.4,0,0.2,0,2,1.434,0.4,0.5,No
55.57,8,0.84,0.2,0.168,0,0.2,0,5,0.2,1,0,0.2,0,4,0.2,0.8,0,0.2,0,2.2,1.968,0.8,0.5,No
55.57,37,0.49,0.2,0.098,4.78,0.6,2.868,5,0.2,1,0,0.2,0,2,0.2,0.4,0,0.2,0,3.2,4.366,0.4,0.5,No
55.57,8,0.67,0.2,0.134,0.41,0.2,0.082,5,0.2,1,0.99,0.2,0.198,4,0.2,0.8,0,0.2,0,2.2,2.214,0.8,0.5,No
55.57,8,0.45,0.2,0.09,8.27,0.6,4.962,5,0.2,1,9.43,0.4,3.772,4,0.2,0.8,0,0.2,0,3.6,10.624,0.8,0.5,Yes
55.57,8,0,0.2,0,0,0.2,0,5,0.2,1,0,0.2,0,4,0.2,0.8,0,0.2,0,2.2,1.8,0.8,0.5,No
55.57,8,0.68,0.2,0.136,0,0.2,0,5,0.2,1,0,0.2,0,4,0.2,0.8,0,0.2,0,2.2,1.936,0.8,0.5,No
55.57,8,0.99,0.2,0.198,0,0.2,0,5,0.2,1,0,0.2,0,4,0.2,0.8,0,0.2,0,2.2,1.998,0.8,0.5,No
55.57,8,0.29,0.2,0.058,0,0.2,0,5,0.2,1,0,0.2,0,4,0.2,0.8,0,0.2,0,2.2,1.858,0.8,0.5,No
55.57,8,1.67,0.4,0.668,0,0.2,0,5,0.2,1,0.06,0.2,0.012,4,0.2,0.8,0,0.2,0,2.4,2.48,0.8,0.5,No
55.57,8,1.05,0.4,0.42,2.17,0.6,1.302,5,0.2,1,0,0.2,0,4,0.2,0.8,0,0.2,0,3.6,3.522,0.8,0.5,Yes
55.57,2,0.74,0.2,0.148,0,0.2,0,5,0.2,1,0,0.2,0,6,0.2,1.2,0,0.2,0,2.4,2.348,1.2,0.5,Yes
55.57,2,0,0.2,0,0,0.2,0,5,0.2,1,0,0.2,0,6,0.2,1.2,0,0.2,0,2.4,2.2,1.2,0.5,Yes
55.57,4,0.51,0.2,0.102,1.36,0.4,0.544,5,0.2,1,0,0.2,0,2,0.2,0.4,0,0.2,0,2.6,2.046,0.4,0.5,No
55.57,4,0.74,0.2,0.148,0,0.2,0,5,0.2,1,0.15,0.2,0.03,2,0.2,0.4,0,0.2,0,2,1.578,0.4,0.5,No
55.57,4,0.23,0.2,0.046,0,0.2,0,5,0.2,1,,0.2,0,2,0.2,0.4,0,0.2,0,2,1.446,0.4,0.5,No
55.57,4,0,0.2,0,1.3,0.4,0.52,5,0.2,1,0,0.2,0,2,0.2,0.4,0,0.2,0,2.6,1.92,0.4,0.5,No
55.57,4,0.49,0.2,0.098,0,0.2,0,5,0.2,1,0,0.2,0,2,0.2,0.4,0,0.2,0,2,1.498,0.4,0.5,No
55.57,4,0.73,0.2,0.146,0,0.2,0,5,0.2,1,0,0.2,0,2,0.2,0.4,0,0.2,0,2,1.546,0.4,0.5,No
55.57,4,0.28,0.2,0.056,0.25,0.2,0.05,5,0.2,1,0,0.2,0,2,0.2,0.4,0,0.2,0,2,1.506,0.4,0.5,No
55.57,4,0.32,0.2,0.064,0,0.2,0,5,0.2,1,0,0.2,0,2,0.4,0.8,0,0.2,0,2.2,1.864,0.8,0.5,No
55.57,14,0.21,0.2,0.042,0,0.2,0,5,0.2,1,0,0.2,0,2,0.2,0.4,0,0.2,0,2,1.442,0.4,0.5,No
55.57,14,1.63,0.4,0.652,0,0.2,0,5,0.2,1,0,0.2,0,2,0.2,0.4,0,0.2,0,2.2,2.052,0.4,0.5,No
55.57,36,0.8,0.2,0.16,0,0.2,0,5,0.2,1,0,0.2,0,2,0.2,0.4,0,0.2,0,2,1.56,0.4,0.5,No
55.57,5,0,0.2,0,0,0.2,0,5,0.2,1,0,0.2,0,2,0.2,0.4,0,0.2,0,2,1.4,0.4,0.5,No
55.57,43,0.83,0.2,0.166,0,0.2,0,5,0.2,1,0,0.2,0,2,0.2,0.4,0,0.2,0,2,1.566,0.4,0.5,No
55.57,5,0.57,0.2,0.114,1.26,0.4,0.504,5,0.2,1,0.1,0.2,0.02,2,0.2,0.4,0,0.2,0,2.6,2.038,0.4,0.5,No
55.57,5,0.71,0.2,0.142,0,0.2,0,5,0.2,1,0,0.2,0,2,0.2,0.4,0,0.2,0,2,1.542,0.4,0.5,No
55.57,5,0.15,0.2,0.03,0,0.2,0,5,0.2,1,0,0.2,0,2,0.2,0.4,0,0.2,0,2,1.43,0.4,0.5,No
55.57,5,1.26,0.4,0.504,0,0.2,0,5,0.2,1,0,0.2,0,2,0.2,0.4,0,0.2,0,2.2,1.904,0.4,0.5,No
55.57,5,0,0.2,0,0,0.2,0,5,0.2,1,0.01,0.2,0.002,2,0.2,0.4,0,0.2,0,2,1.402,0.4,0.5,No
55.57,43,0,0.2,0,0,0.2,0,5,0.2,1,0,0.2,0,2,0.2,0.4,0,0.2,0,2,1.4,0.4,0.5,No
55.57,5,0,0.2,0,0,0.2,0,5,0.2,1,0,0.2,0,2,0.2,0.4,0,0.2,0,2,1.4,0.4,0.5,No
55.57,5,0.09,0.2,0.018,0,0.2,0,5,0.2,1,0,0.2,0,2,0.2,0.4,0,0.2,0,2,1.418,0.4,0.5,No
55.57,5,0.51,0.2,0.102,0.03,0.2,0.006,5,0.2,1,0,0.2,0,2,0.2,0.4,0,0.2,0,2,1.508,0.4,0.5,No
55.57,5,0.49,0.2,0.098,0,0.2,0,5,0.2,1,0.02,0.2,0.004,2,0.2,0.4,0,0.2,0,2,1.502,0.4,0.5,No
55.57,19,1.1,0.4,0.44,0,0.2,0,5,0.2,1,0,0.2,0,2,0.2,0.4,0,0.2,0,2.2,1.84,0.4,0.5,No
55.57,8,1.14,0.4,0.456,0,0.2,0,5,0.2,1,0,0.2,0,4,0.2,0.8,0,0.2,0,2.4,2.256,0.8,0.5,No
55.57,19,0,0.2,0,0,0.2,0,5,0.2,1,0,0.2,0,2,0.2,0.4,0,0.2,0,2,1.4,0.4,0.5,No
55.57,19,2.3,0.6,1.38,0,0.2,0,5,0.2,1,0,0.2,0,2,0.2,0.4,0,0.2,0,2.4,2.78,0.4,0.5,No
55.57,19,1.6,0.4,0.64,0.49,0.2,0.098,5,0.2,1,88.34,0.6,53.004,2,0.2,0.4,0,0.2,0,2.6,55.142,0.4,0.5,Yes
55.57,19,1.49,0.4,0.596,0,0.2,0,5,0.2,1,0,0.2,0,2,0.2,0.4,0,0.2,0,2.2,1.996,0.4,0.5,No
55.57,19,0.24,0.2,0.048,0,0.2,0,5,0.2,1,0,0.2,0,2,0.2,0.4,0,0.2,0,2,1.448,0.4,0.5,No
55.57,19,0.42,0.2,0.084,0,0.2,0,5,0.2,1,0,0.2,0,2,0.2,0.4,0,0.2,0,2,1.484,0.4,0.5,No
55.57,19,1.07,0.4,0.428,0.16,0.2,0.032,5,0.2,1,0,0.2,0,2,0.2,0.4,0,0.2,0,2.2,1.86,0.4,0.5,No
55.57,22,1.39,0.4,0.556,0,0.2,0,5,0.2,1,0,0.2,0,2,0.2,0.4,0,0.2,0,2.2,1.956,0.4,0.5,No
55.57,22,0.07,0.2,0.014,0,0.2,0,5,0.2,1,0,0.2,0,2,0.2,0.4,0,0.2,0,2,1.414,0.4,0.5,No
55.57,9,0.49,0.2,0.098,0.4,0.2,0.08,5,0.2,1,0,0.2,0,2,0.2,0.4,0,0.2,0,2,1.578,0.4,0.5,No
55.57,9,0.88,0.2,0.176,0.54,0.2,0.108,5,0.2,1,0.11,0.2,0.022,2,0.2,0.4,0,0.2,0,2,1.706,0.4,0.5,No
55.57,19,0,0.2,0,1.74,0.4,0.696,5,0.2,1,0,0.2,0,2,0.2,0.4,0,0.2,0,2.6,2.096,0.4,0.5,No
55.57,9,1.28,0.4,0.512,0,0.2,0,5,0.2,1,0.22,0.2,0.044,2,0.2,0.4,0,0.2,0,2.2,1.956,0.4,0.5,No
55.57,9,0,0.2,0,0,0.2,0,5,0.2,1,0,0.2,0,2,0.2,0.4,0,0.2,0,2,1.4,0.4,0.5,No
55.57,9,0,0.2,0,0,0.2,0,5,0.2,1,0,0.2,0,2,0.2,0.4,0,0.2,0,2,1.4,0.4,0.5,No
55.57,9,0.21,0.2,0.042,0,0.2,0,5,0.2,1,0,0.2,0,2,0.2,0.4,0,0.2,0,2,1.442,0.4,0.5,No
55.57,9,0.92,0.2,0.184,0,0.2,0,5,0.2,1,0,0.2,0,2,0.2,0.4,0,0.2,0,2,1.584,0.4,0.5,No
55.57,9,0.17,0.2,0.034,0,0.2,0,5,0.2,1,0,0.2,0,2,0.2,0.4,0,0.2,0,2,1.434,0.4,0.5,No
55.57,9,0.26,0.2,0.052,0.0021,0.2,0.00042,5,0.2,1,0,0.2,0,2,0.2,0.4,0,0.2,0,2,1.45242,0.4,0.5,No
55.57,9,0.78,0.2,0.156,0,0.2,0,5,0.2,1,0,0.2,0,2,0.2,0.4,0,0.2,0,2,1.556,0.4,0.5,No
55.57,11,0.98,0.2,0.196,0,0.2,0,5,0.2,1,0,0.2,0,2,0.2,0.4,0,0.2,0,2,1.596,0.4,0.5,No
55.57,11,0.27,0.2,0.054,0.0017,0.2,0.00034,5,0.2,1,0,0.2,0,2,0.2,0.4,0,0.2,0,2,1.45434,0.4,0.5,No
55.57,11,0.41,0.2,0.082,0.11,0.2,0.022,5,0.2,1,0,0.2,0,2,0.2,0.4,0,0.2,0,2,1.504,0.4,0.5,No
55.57,11,0.74,0.2,0.148,0,0.2,0,5,0.2,1,0.71,0.2,0.142,2,0.2,0.4,0,0.2,0,2,1.69,0.4,0.5,No
55.57,11,0.82,0.2,0.164,2.92,0.6,1.752,5,0.2,1,0,0.2,0,2,0.2,0.4,0,0.2,0,3.2,3.316,0.4,0.5,No
55.57,12,0,0.2,0,11.68,0.6,7.008,5,0.2,1,0,0.2,0,2,0.2,0.4,0,0.2,0,3.2,8.408,0.4,0.5,Yes
55.57,12,0.61,0.2,0.122,0,0.2,0,5,0.2,1,0,0.2,0,2,0.2,0.4,0,0.2,0,2,1.522,0.4,0.5,No
55.57,12,0.62,0.2,0.124,0.47,0.2,0.094,5,0.2,1,0.58,0.2,0.116,2,0.2,0.4,0,0.2,0,2,1.734,0.4,0.5,No
55.57,12,0,0.2,0,0,0.2,0,5,0.2,1,3.57,0.2,0.714,2,0.2,0.4,0,0.2,0,2,2.114,0.4,0.5,No
55.57,12,0,0.2,0,0,0.2,0,5,0.2,1,0,0.2,0,2,0.2,0.4,0,0.2,0,2,1.4,0.4,0.5,No
55.57,12,0,0.2,0,0,0.2,0,5,0.2,1,0,0.2,0,2,0.2,0.4,0,0.2,0,2,1.4,0.4,0.5,No
55.57,12,0,0.2,0,0,0.2,0,5,0.2,1,0,0.2,0,2,0.2,0.4,0,0.2,0,2,1.4,0.4,0.5,No
55.57,12,1.08,0.4,0.432,0,0.2,0,5,0.2,1,0,0.2,0,2,0.2,0.4,0,0.2,0,2.2,1.832,0.4,0.5,No
55.57,12,0.7,0.2,0.14,0,0.2,0,5,0.2,1,0,0.2,0,2,0.2,0.4,0,0.2,0,2,1.54,0.4,0.5,No
55.57,8,1.36,0.4,0.544,0,0.2,0,5,0.2,1,0,0.2,0,2,0.2,0.4,0,0.2,0,2.2,1.944,0.4,0.5,No
55.57,8,0,0.2,0,5.24,0.6,3.144,5,0.2,1,0,0.2,0,2,0.2,0.4,0,0.2,0,3.2,4.544,0.4,0.5,No
55.57,8,0.32,0.2,0.064,0.17,0.2,0.034,5,0.2,1,0,0.2,0,2,0.2,0.4,0,0.2,0,2,1.498,0.4,0.5,No
55.57,8,0.33,0.2,0.066,0.0013,0.2,0.00026,5,0.2,1,0,0.2,0,2,0.2,0.4,0,0.2,0,2,1.46626,0.4,0.5,No
55.57,8,1.08,0.4,0.432,0.92,0.2,0.184,5,0.2,1,0.04,0.2,0.008,2,0.2,0.4,0,0.2,0,2.2,2.024,0.4,0.5,No
55.57,8,0,0.2,0,0,0.2,0,5,0.2,1,0,0.2,0,2,0.2,0.4,0,0.2,0,2,1.4,0.4,0.5,No
55.57,8,0.6,0.2,0.12,0,0.2,0,5,0.2,1,0,0.2,0,2,0.2,0.4,0,0.2,0,2,1.52,0.4,0.5,No
55.57,27,0.76,0.2,0.152,0,0.2,0,5,0.2,1,0,0.2,0,2,0.2,0.4,0,0.2,0,2,1.552,0.4,0.5,No
55.57,27,0,0.2,0,2.99,0.6,1.794,5,0.2,1,0.06,0.2,0.012,2,0.2,0.4,0,0.2,0,3.2,3.206,0.4,0.5,No
55.57,29,0,0.2,0,0,0.2,0,5,0.2,1,0,0.2,0,2,0.2,0.4,0,0.2,0,2,1.4,0.4,0.5,No
55.57,29,0.49,0.2,0.098,0.28,0.2,0.056,5,0.2,1,0.07,0.2,0.014,2,0.2,0.4,0,0.2,0,2,1.568,0.4,0.5,No
55.57,29,0,0.2,0,0.81,0.2,0.162,5,0.2,1,0,0.2,0,2,0.2,0.4,0,0.2,0,2,1.562,0.4,0.5,No
55.57,29,0.41,0.2,0.082,0,0.2,0,5,0.2,1,0,0.2,0,2,0.2,0.4,0,0.2,0,2,1.482,0.4,0.5,No
55.57,27,0,0.2,0,0,0.2,0,5,0.2,1,0,0.2,0,2,0.2,0.4,0,0.2,0,2,1.4,0.4,0.5,No
55.57,29,0.82,0.2,0.164,0,0.2,0,5,0.2,1,0,0.2,0,2,0.2,0.4,0,0.2,0,2,1.564,0.4,0.5,No
55.57,29,0.32,0.2,0.064,0.0009,0.2,0.00018,5,0.2,1,0,0.2,0,2,0.2,0.4,0,0.2,0,2,1.46418,0.4,0.5,No
55.57,27,0,0.2,0,0,0.2,0,5,0.2,1,0,0.2,0,2,0.2,0.4,0,0.2,0,2,1.4,0.4,0.5,No
55.57,2,0,0.2,0,0,0.2,0,5,0.2,1,0,0.2,0,6,0.2,1.2,0,0.2,0,2.4,2.2,1.2,0.5,Yes
55.57,2,1.06,0.4,0.424,0.63,0.2,0.126,5,0.2,1,0.9,0.2,0.18,6,0.2,1.2,0,0.2,0,2.6,2.93,1.2,0.5,Yes
55.57,28,0,0.2,0,0,0.2,0,5,0.2,1,0,0.2,0,2,0.2,0.4,0,0.2,0,2,1.4,0.4,0.5,No
55.57,28,0,0.2,0,0,0.2,0,5,0.2,1,0.13,0.2,0.026,2,0.2,0.4,0,0.2,0,2,1.426,0.4,0.5,No
55.57,17,0,0.2,0,0,0.2,0,5,0.2,1,0,0.2,0,2,0.2,0.4,0,0.2,0,2,1.4,0.4,0.5,No
55.57,9,0.51,0.2,0.102,1.63,0.4,0.652,5,0.2,1,1.8,0.2,0.36,2,0.2,0.4,0,0.2,0,2.6,2.514,0.4,0.5,No
55.57,9,1.06,0.4,0.424,0,0.2,0,5,0.2,1,0,0.2,0,2,0.2,0.4,0,0.2,0,2.2,1.824,0.4,0.5,No
55.57,9,0.71,0.2,0.142,0.25,0.2,0.05,5,0.2,1,0,0.2,0,2,0.2,0.4,0,0.2,0,2,1.592,0.4,0.5,No
55.57,32,0,0.2,0,8.49,0.6,5.094,5,0.2,1,0.43,0.2,0.086,2,0.2,0.4,0,0.2,0,3.2,6.58,0.4,0.5,Yes
55.57,32,1.6,0.4,0.64,0,0.2,0,5,0.2,1,0,0.2,0,2,0.2,0.4,0,0.2,0,2.2,2.04,0.4,0.5,No
55.57,32,0.3,0.2,0.06,0.0023,0.2,0.00046,5,0.2,1,0,0.2,0,2,0.2,0.4,0,0.2,0,2,1.46046,0.4,0.5,No
55.57,16,0.47,0.2,0.094,0.46,0.2,0.092,5,0.2,1,0.42,0.2,0.084,2,0.2,0.4,0,0.2,0,2,1.67,0.4,0.5,No
55.57,16,0,0.2,0,0,0.2,0,5,0.2,1,0.02,0.2,0.004,2,0.2,0.4,0,0.2,0,2,1.404,0.4,0.5,No
55.57,16,1.19,0.4,0.476,0,0.2,0,5,0.2,1,0,0.2,0,2,0.2,0.4,0,0.2,0,2.2,1.876,0.4,0.5,No
55.57,16,0,0.2,0,1.29,0.4,0.516,5,0.2,1,0,0.2,0,2,0.2,0.4,0,0.2,0,2.6,1.916,0.4,0.5,No
55.57,16,0.7,0.2,0.14,0.79,0.2,0.158,5.5,0.4,2.2,1.91,0.2,0.382,2,0.2,0.4,0,0.2,0,2.4,3.28,0.4,0.5,No
55.57,22,0.83,0.2,0.166,0,0.2,0,5,0.2,1,0.14,0.2,0.028,2,0.2,0.4,0,0.2,0,2,1.594,0.4,0.5,No
55.57,16,0.74,0.2,0.148,0,0.2,0,5,0.2,1,2.4,0.2,0.48,2,0.2,0.4,0,0.2,0,2,2.028,0.4,0.5,No
55.57,16,0.2,0.2,0.04,0,0.2,0,5,0.2,1,0,0.2,0,2,0.2,0.4,0,0.2,0,2,1.44,0.4,0.5,No
55.57,15,1.4,0.4,0.56,0.06,0.2,0.012,5,0.2,1,0,0.2,0,2,0.2,0.4,0,0.2,0,2.2,1.972,0.4,0.5,No
55.57,15,0.4,0.2,0.08,0.0025,0.2,0.0005,5,0.2,1,0,0.2,0,2,0.2,0.4,0,0.2,0,2,1.4805,0.4,0.5,No
55.57,15,0.85,0.2,0.17,1,0.4,0.4,5,0.2,1,0.4,0.2,0.08,2,0.2,0.4,0,0.2,0,2.6,2.05,0.4,0.5,No
55.57,15,0,0.2,0,0.88,0.2,0.176,5,0.2,1,0.07,0.2,0.014,2,0.2,0.4,0,0.2,0,2,1.59,0.4,0.5,No
55.57,15,0,0.2,0,0,0.2,0,5,0.2,1,0,0.2,0,2,0.2,0.4,0,0.2,0,2,1.4,0.4,0.5,No
55.57,15,1.12,0.4,0.448,0,0.2,0,5,0.2,1,0,0.2,0,2,0.2,0.4,0,0.2,0,2.2,1.848,0.4,0.5,No
55.57,15,1.28,0.4,0.512,0,0.2,0,5,0.2,1,0,0.2,0,2,0.2,0.4,0,0.2,0,2.2,1.912,0.4,0.5,No
55.57,15,0,0.2,0,0,0.2,0,5,0.2,1,0,0.2,0,2,0.2,0.4,0,0.2,0,2,1.4,0.4,0.5,No
55.57,13,0,0.2,0,1.16,0.4,0.464,5,0.2,1,0,0.2,0,2,0.2,0.4,0,0.2,0,2.6,1.864,0.4,0.5,No
55.57,13,0.1,0.2,0.02,0,0.2,0,5,0.2,1,0,0.2,0,2,0.2,0.4,0,0.2,0,2,1.42,0.4,0.5,No
55.57,13,1.06,0.4,0.424,1.6,0.4,0.64,5,0.2,1,16.09,0.6,9.654,2,0.2,0.4,0,0.2,0,3.2,12.118,0.4,0.5,Yes
55.57,13,0.25,0.2,0.05,0.0017,0.2,0.00034,5,0.2,1,0,0.2,0,2,0.2,0.4,0,0.2,0,2,1.45034,0.4,0.5,No
55.57,13,0.31,0.2,0.062,0.0015,0.2,0.0003,5,0.2,1,0,0.2,0,2,0.2,0.4,0,0.2,0,2,1.4623,0.4,0.5,No
55.57,13,0,0.2,0,0,0.2,0,5,0.2,1,0,0.2,0,2,0.2,0.4,0,0.2,0,2,1.4,0.4,0.5,No
55.57,13,0.84,0.2,0.168,0,0.2,0,5,0.2,1,0,0.2,0,2,0.2,0.4,0,0.2,0,2,1.568,0.4,0.5,No
55.57,13,1.09,0.4,0.436,0,0.2,0,5,0.2,1,0,0.2,0,2,0.2,0.4,0,0.2,0,2.2,1.836,0.4,0.5,No
55.57,13,1.29,0.4,0.516,0,0.2,0,5,0.2,1,0,0.2,0,2,0.2,0.4,0,0.2,0,2.2,1.916,0.4,0.5,No
55.57,13,0.51,0.2,0.102,0.37,0.2,0.074,5,0.2,1,0,0.2,0,2,0.2,0.4,0,0.2,0,2,1.576,0.4,0.5,No
55.57,21,0.09,0.2,0.018,0,0.2,0,5,0.2,1,0,0.2,0,2,0.2,0.4,0,0.2,0,2,1.418,0.4,0.5,No
55.57,18,0.39,0.2,0.078,0.91,0.2,0.182,5,0.2,1,0,0.2,0,2,0.2,0.4,0,0.2,0,2,1.66,0.4,0.5,No
55.57,21,1.07,0.4,0.428,0,0.2,0,5,0.2,1,0,0.2,0,2,0.2,0.4,0,0.2,0,2.2,1.828,0.4,0.5,No
55.57,25,0,0.2,0,0,0.2,0,5,0.2,1,0,0.2,0,2,0.2,0.4,0,0.2,0,2,1.4,0.4,0.5,No
55.57,32,0.5,0.2,0.1,2.97,0.6,1.782,5,0.2,1,0.18,0.2,0.036,2,0.2,0.4,0,0.2,0,3.2,3.318,0.4,0.5,No
55.57,22,0.49,0.2,0.098,0.55,0.2,0.11,5,0.2,1,0,0.2,0,2,0.2,0.4,0,0.2,0,2,1.608,0.4,0.5,No
55.57,14,0.84,0.2,0.168,0.65,0.2,0.13,5,0.2,1,0,0.2,0,2,0.2,0.4,0,0.2,0,2,1.698,0.4,0.5,No
55.57,12,0.9,0.2,0.18,1.11,0.4,0.444,5,0.2,1,0,0.2,0,2,0.2,0.4,0,0.2,0,2.6,2.024,0.4,0.5,No
55.57,12,0,0.2,0,0,0.2,0,5,0.2,1,0,0.2,0,2,0.2,0.4,0,0.2,0,2,1.4,0.4,0.5,No
55.57,14,0.59,0.2,0.118,0,0.2,0,5,0.2,1,0,0.2,0,2,0.2,0.4,0,0.2,0,2,1.518,0.4,0.5,No
55.57,36,0.02,0.2,0.004,0,0.2,0,5,0.2,1,0,0.2,0,2,0.2,0.4,0,0.2,0,2,1.404,0.4,0.5,No
55.57,14,1.48,0.4,0.592,4.48,0.6,2.688,5,0.2,1,0,0.2,0,2,0.2,0.4,0,0.2,0,3.4,4.68,0.4,0.5,No
55.57,22,0,0.2,0,3.3,0.6,1.98,5,0.2,1,0,0.2,0,2,0.2,0.4,0,0.2,0,3.2,3.38,0.4,0.5,No
55.57,8,0.8,0.2,0.16,0.57,0.2,0.114,5,0.2,1,0,0.2,0,2,0.2,0.4,0,0.2,0,2,1.674,0.4,0.5,No
55.57,18,0.36,0.2,0.072,0.54,0.2,0.108,5,0.2,1,0.21,0.2,0.042,2,0.2,0.4,0,0.2,0,2,1.622,0.4,0.5,No
55.57,9,0.44,0.2,0.088,0.53,0.2,0.106,5,0.2,1,0,0.2,0,2,0.2,0.4,0,0.2,0,2,1.594,0.4,0.5,No
55.57,16,0.51,0.2,0.102,0.5,0.2,0.1,5,0.2,1,0.09,0.2,0.018,2,0.2,0.4,0,0.2,0,2,1.62,0.4,0.5,No
55.57,18,0.75,0.2,0.15,0.45,0.2,0.09,5,0.2,1,0,0.2,0,2,0.2,0.4,0,0.2,0,2,1.64,0.4,0.5,No
55.57,9,0.49,0.2,0.098,0.4,0.2,0.08,5,0.2,1,0,0.2,0,2,0.2,0.4,0,0.2,0,2,1.578,0.4,0.5,No
55.57,16,0.47,0.2,0.094,0.37,0.2,0.074,5,0.2,1,0,0.2,0,2,0.2,0.4,0,0.2,0,2,1.568,0.4,0.5,No
55.57,14,0.24,0.2,0.048,0.04,0.2,0.008,5,0.2,1,0,0.2,0,2,0.2,0.4,0,0.2,0,2,1.456,0.4,0.5,No
55.57,18,0.2,0.2,0.04,0,0.2,0,5,0.2,1,0,0.2,0,2,0.2,0.4,0,0.2,0,2,1.44,0.4,0.5,No
55.57,15,0,0.2,0,0,0.2,0,5,0.2,1,0.32,0.2,0.064,2,0.2,0.4,0,0.2,0,2,1.464,0.4,0.5,No
